Unity Editor version:    6000.3.1f1 (37142da19a94)
Branch:                  6000.3/respin/6000.3.1f1-f56f53296c2c
Build type:              Release
Batch mode:              YES
macOS version:           Version 12.7.6 (Build 21H1320)
Darwin version:          21.6.0
Architecture:            x86_64
Running under Rosetta:   NO
Available memory:        16384 MB
Date:                    2026-03-10T15:07:05Z
[Licensing::Module] Trying to connect to existing licensing client channel...
[Licensing::IpcConnector] Successfully connected to: "LicenseClient-regomez" at "2026-03-10T15:07:05.965024Z"

COMMAND LINE ARGUMENTS:
/Applications/Unity/Hub/Editor/6000.3.1f1/Unity.app/Contents/MacOS/Unity
-adb2
-batchMode
-noUpm
-name
AssetImportWorker0
-projectPath
/Users/regomez/Documents/GitHub/kalb/Kalb Playground
-logFile
Logs/AssetImportWorker0.log
-srvPort
52916
-licensingIpc
LicenseClient-regomez
-job-worker-count
3
-background-job-worker-count
8
-gc-helper-count
1
-name AssetImport
Successfully changed project path to: /Users/regomez/Documents/GitHub/kalb/Kalb Playground
/Users/regomez/Documents/GitHub/kalb/Kalb Playground
[UnityMemory] Configuration Parameters - Can be set up in boot.config
    "memorysetup-allocator-temp-initial-block-size-main=262144"
    "memorysetup-allocator-temp-initial-block-size-worker=262144"
    "memorysetup-temp-allocator-size-background-worker=32768"
    "memorysetup-temp-allocator-size-job-worker=262144"
    "memorysetup-temp-allocator-size-preload-manager=33554432"
    "memorysetup-temp-allocator-size-nav-mesh-worker=65536"
    "memorysetup-temp-allocator-size-audio-worker=65536"
    "memorysetup-temp-allocator-size-cloud-worker=32768"
    "memorysetup-temp-allocator-size-gi-baking-worker=262144"
    "memorysetup-temp-allocator-size-gi-baking-worker=262144"
    "memorysetup-temp-allocator-size-gi-baking-worker=262144"
    "memorysetup-temp-allocator-size-gi-baking-worker=262144"
    "memorysetup-temp-allocator-size-gi-baking-worker=262144"
    "memorysetup-bucket-allocator-granularity=16"
    "memorysetup-bucket-allocator-bucket-count=8"
    "memorysetup-bucket-allocator-block-size=33554432"
    "memorysetup-bucket-allocator-block-count=8"
    "memorysetup-main-allocator-block-size=16777216"
    "memorysetup-thread-allocator-block-size=16777216"
    "memorysetup-gfx-main-allocator-block-size=16777216"
    "memorysetup-gfx-thread-allocator-block-size=16777216"
    "memorysetup-cache-allocator-block-size=4194304"
    "memorysetup-typetree-allocator-block-size=2097152"
    "memorysetup-profiler-bucket-allocator-granularity=16"
    "memorysetup-profiler-bucket-allocator-bucket-count=8"
    "memorysetup-profiler-bucket-allocator-block-size=33554432"
    "memorysetup-profiler-bucket-allocator-block-count=8"
    "memorysetup-profiler-allocator-block-size=16777216"
    "memorysetup-profiler-editor-allocator-block-size=1048576"
    "memorysetup-temp-allocator-size-main=16777216"
    "memorysetup-job-temp-allocator-block-size=2097152"
    "memorysetup-job-temp-allocator-block-size-background=1048576"
    "memorysetup-job-temp-allocator-reduction-small-platforms=262144"
    "memorysetup-temp-allocator-size-gfx=262144"
Player connection [4740826624]  Target information:

Player connection [4740826624]  * "[IP] 10.90.210.171 [Port] 0 [Flags] 2 [Guid] 2827578159 [EditorId] 2827578159 [Version] 1048832 [Id] OSXEditor(0,Rodrigos-MacBook-Pro.local) [Debug] 1 [PackageName] OSXEditor [ProjectName] Editor" 

Player connection [4740826624] Host joined multi-casting on [225.0.0.222:54997]...
Player connection [4740826624] Host joined alternative multi-casting on [225.0.0.222:34997]...
JobSystem: Creating JobQueue using job-worker-count value 3
Input System module state changed to: Initialized.
[Physics::Module] Initialized fallback backend.
[Physics::Module] Id: 0xdecafbad
Library Redirect Path: Library/
[Physics::Module] Selected backend.
[Physics::Module] Name: PhysX
[Physics::Module] Id: 0xf2b8ea05
[Physics::Module] SDK Version: 4.1.2
[Physics::Module] Integration Version: 1.0.0
[Physics::Module] Threading Mode: Multi-Threaded
Refreshing native plugins compatible for Editor in 3.74 ms, found 2 plugins.
Preloading 0 native plugins for Editor in 0.00 ms.
Initialize engine version: 6000.3.1f1 (37142da19a94)
[Subsystems] Discovering subsystems at path /Applications/Unity/Hub/Editor/6000.3.1f1/Unity.app/Contents/Resources/UnitySubsystems
[Subsystems] Discovering subsystems at path /Users/regomez/Documents/GitHub/kalb/Kalb Playground/Assets
GfxDevice: creating device client; kGfxThreadingModeNonThreaded
Color LCD preferred device: AMD Radeon Pro 450 (high power)
Metal devices available: 2
0: AMD Radeon Pro 450 (high power)
1: Intel(R) HD Graphics 530 (low power)
Using device AMD Radeon Pro 450 (high power)
Initializing Metal device caps: AMD Radeon Pro 450
Mac GPU Family: 2
Apple GPU Family: 0
MSL Version: 2.4
Has Float MSAA: 1
Has Float Filtering: 1
ReadWrite Texture Tier: 2
Initialize mono
Mono path[0] = '/Applications/Unity/Hub/Editor/6000.3.1f1/Unity.app/Contents/Resources/Scripting/Managed'
Mono path[1] = '/Applications/Unity/Hub/Editor/6000.3.1f1/Unity.app/Contents/Resources/Scripting/MonoBleedingEdge/lib/mono/unityjit-macos'
Mono config path = '/Applications/Unity/Hub/Editor/6000.3.1f1/Unity.app/Contents/Resources/Scripting/MonoBleedingEdge/etc'
Using monoOptions --debugger-agent=transport=dt_socket,embedding=1,server=y,suspend=n,address=127.0.0.1:56117
Begin MonoManager ReloadAssembly
Registering precompiled unity dll's ...
Register platform support module: /Applications/Unity/Hub/Editor/6000.3.1f1/PlaybackEngines/WebGLSupport/UnityEditor.WebGL.Extensions.dll
Register platform support module: /Applications/Unity/Hub/Editor/6000.3.1f1/Unity.app/Contents/PlaybackEngines/MacStandaloneSupport/UnityEditor.OSXStandalone.Extensions.dll
Register platform support module: /Applications/Unity/Hub/Editor/6000.3.1f1/PlaybackEngines/WindowsStandaloneSupport/UnityEditor.WindowsStandalone.Extensions.dll
Registered in 0.001660 seconds.
- Loaded All Assemblies, in  1.150 seconds
Native extension for WindowsStandalone target not found
Native extension for OSXStandalone target not found
Native extension for WebGL target not found
[Licensing::Client] Handshaking with LicensingClient:
  Version:                 1.17.4+4293ba1
  Session Id:              50f8a2c65f41429395dd292dafd7b96c
  Correlation Id:          10e4641a578a9291f6d319f6208e4178
  External correlation Id: 4786964716270236099
  Machine Id:              kPfZf/e9+jlqM8ShDLCilevfndo=
[Licensing::Module] Successfully connected to LicensingClient on channel: "LicenseClient-regomez" (connect: 0.00s, validation: 0.00s, handshake: 2.06s)
[Licensing::IpcConnector] Successfully connected to: "LicenseClient-regomez-notifications" at "2026-03-10T15:07:08.031235Z"
[Licensing::Module] Licensing Background thread has ended after 2.07s
Mono: successfully reloaded assembly
- Finished resetting the current domain, in  1.336 seconds
Domain Reload Profiling: 2487ms
	BeginReloadAssembly (235ms)
		ExecutionOrderSort (0ms)
		DisableScriptedObjects (0ms)
		BackupInstance (0ms)
		ReleaseScriptingObjects (0ms)
		CreateAndSetChildDomain (2ms)
	RebuildCommonClasses (149ms)
	RebuildNativeTypeToScriptingClass (40ms)
	initialDomainReloadingComplete (132ms)
	LoadAllAssembliesAndSetupDomain (593ms)
		LoadAssemblies (234ms)
		RebuildTransferFunctionScriptingTraits (0ms)
		AnalyzeDomain (585ms)
			TypeCache.Refresh (580ms)
				TypeCache.ScanAssembly (542ms)
			BuildScriptInfoCaches (0ms)
			ResolveRequiredComponents (1ms)
	FinalizeReload (1337ms)
		ReleaseScriptCaches (0ms)
		RebuildScriptCaches (0ms)
		SetupLoadedEditorAssemblies (1188ms)
			LogAssemblyErrors (0ms)
			InitializePlatformSupportModulesInManaged (147ms)
			SetLoadedEditorAssemblies (10ms)
			BeforeProcessingInitializeOnLoad (363ms)
			ProcessInitializeOnLoadAttributes (486ms)
			ProcessInitializeOnLoadMethodAttributes (182ms)
			AfterProcessingInitializeOnLoad (0ms)
			EditorAssembliesLoaded (0ms)
		ExecutionOrderSort2 (0ms)
		AwakeInstancesAfterBackupRestoration (0ms)
[CoreBusinessMetrics] Unexpected thread when updating session info.
========================================================================
Worker process is ready to serve import requests
Import Worker Mode flag is 0x00
Begin MonoManager ReloadAssembly
[Licensing::Client] Successfully resolved entitlement details
[Licensing::Module] License group:
  Id: 4674112345568-UnityPersXXXX
  Product: Unity Personal
  Type: Assigned
  Expiration: Unlimited
- Loaded All Assemblies, in  1.743 seconds
Refreshing native plugins compatible for Editor in 1.13 ms, found 2 plugins.
Native extension for WindowsStandalone target not found
Native extension for OSXStandalone target not found
Native extension for WebGL target not found
Package Manager log level set to [2]
[Package Manager] Failed to launch server process. Reason: Unity was launched with the -noUpm command-line argument
[Package Manager] Unable to send message (not connected to server process).
[Package Manager] Cannot connect to Unity Package Manager local server
Mono: successfully reloaded assembly
- Finished resetting the current domain, in  2.485 seconds
Domain Reload Profiling: 4228ms
	BeginReloadAssembly (368ms)
		ExecutionOrderSort (0ms)
		DisableScriptedObjects (12ms)
		BackupInstance (0ms)
		ReleaseScriptingObjects (0ms)
		CreateAndSetChildDomain (135ms)
	RebuildCommonClasses (133ms)
	RebuildNativeTypeToScriptingClass (34ms)
	initialDomainReloadingComplete (69ms)
	LoadAllAssembliesAndSetupDomain (1139ms)
		LoadAssemblies (645ms)
		RebuildTransferFunctionScriptingTraits (0ms)
		AnalyzeDomain (632ms)
			TypeCache.Refresh (509ms)
				TypeCache.ScanAssembly (478ms)
			BuildScriptInfoCaches (92ms)
			ResolveRequiredComponents (24ms)
	FinalizeReload (2486ms)
		ReleaseScriptCaches (0ms)
		RebuildScriptCaches (0ms)
		SetupLoadedEditorAssemblies (2121ms)
			LogAssemblyErrors (0ms)
			InitializePlatformSupportModulesInManaged (7ms)
			SetLoadedEditorAssemblies (10ms)
			BeforeProcessingInitializeOnLoad (493ms)
			ProcessInitializeOnLoadAttributes (1330ms)
			ProcessInitializeOnLoadMethodAttributes (280ms)
			AfterProcessingInitializeOnLoad (1ms)
			EditorAssembliesLoaded (0ms)
		ExecutionOrderSort2 (0ms)
		AwakeInstancesAfterBackupRestoration (6ms)
WARNING: Shader Unsupported: 'Universal Render Pipeline/VR/SpatialMapping/Wireframe' - All subshaders removed
WARNING: Shader Did you use #pragma only_renderers and omit this platform?
WARNING: Shader If subshaders removal was intentional, you may have forgotten turning Fallback off?
WARNING: Shader Unsupported: 'Universal Render Pipeline/VR/SpatialMapping/Wireframe' - All subshaders removed
WARNING: Shader Did you use #pragma only_renderers and omit this platform?
WARNING: Shader If subshaders removal was intentional, you may have forgotten turning Fallback off?
Launching external process: /Applications/Unity/Hub/Editor/6000.3.1f1/Unity.app/Contents/Helpers/UnityShaderCompiler
Launched and connected shader compiler UnityShaderCompiler after 0.14 seconds
Refreshing native plugins compatible for Editor in 1.29 ms, found 2 plugins.
Preloading 0 native plugins for Editor in 0.00 ms.
Unloading 17 Unused Serialized files (Serialized files now loaded: 0)
Unloading 6953 unused Assets / (4.6 MB). Loaded Objects now: 7785.
Memory consumption went from 336.3 MB to 331.8 MB.
Total: 20.424780 ms (FindLiveObjects: 1.337349 ms CreateObjectMapping: 1.949359 ms MarkObjects: 12.487236 ms  DeleteObjects: 4.649567 ms)

========================================================================
Received Import Request.
  Time since last request: 106316.941802 seconds.
  path: Assets/Scripts/Characters/Kalb/Components/KalbMovement.cs
  artifactKey: Guid(1324d21db18734384bc608ca592db4e1) Importer(2089858483,b0f066a214c2f5e87bad3c948f4d605d)
Start importing Assets/Scripts/Characters/Kalb/Components/KalbMovement.cs using Guid(1324d21db18734384bc608ca592db4e1) Importer(2089858483,b0f066a214c2f5e87bad3c948f4d605d) (ScriptedImporter) -> (artifact id: 'ee31f0a8b1d422132fcf87d7c96800db') in 0.144880141 seconds
Number of updated asset objects reloaded before import = 0Number of asset objects unloaded after import = 0

========================================================================
Received Import Request.
  Time since last request: 0.000093 seconds.
  path: Assets/Art/Effects/Particles/RunningDustParticles.prefab
  artifactKey: Guid(c5942330b9f7540059c159c203c0baf5) Importer(2089858483,b0f066a214c2f5e87bad3c948f4d605d)
Start importing Assets/Art/Effects/Particles/RunningDustParticles.prefab using Guid(c5942330b9f7540059c159c203c0baf5) Importer(2089858483,b0f066a214c2f5e87bad3c948f4d605d) (ScriptedImporter) -> (artifact id: '22479aaf8e8f97ed48e2cc905a8f86b7') in 0.225230888 seconds
Number of updated asset objects reloaded before import = 0Number of asset objects unloaded after import = 6

========================================================================
Received Import Request.
  Time since last request: 134.516830 seconds.
  path: Assets/Art/Effects/Particles/JumpDustParticles.prefab
  artifactKey: Guid(29149b2b9a8a44371aeed73929c23a00) Importer(815301076,1909f56bfc062723c751e8b465ee728b)
Start importing Assets/Art/Effects/Particles/JumpDustParticles.prefab using Guid(29149b2b9a8a44371aeed73929c23a00) Importer(815301076,1909f56bfc062723c751e8b465ee728b) (PreviewImporter) -> (artifact id: '9c93ce8e2859be250609dcd942742488') in 1.212180054 seconds
Number of updated asset objects reloaded before import = 0Number of asset objects unloaded after import = 6

========================================================================
Received Import Request.
  Time since last request: 3.275799 seconds.
  path: Assets/Art/Materials/Frictionless.physicsMaterial2D
  artifactKey: Guid(f304cff8124cc4e3ba1cc41cfe40d1fb) Importer(815301076,1909f56bfc062723c751e8b465ee728b)
Start importing Assets/Art/Materials/Frictionless.physicsMaterial2D using Guid(f304cff8124cc4e3ba1cc41cfe40d1fb) Importer(815301076,1909f56bfc062723c751e8b465ee728b) (PreviewImporter) -> (artifact id: '8a536b5dde8800c1a3592d4e9ab76db9') in 0.00124206 seconds
Number of updated asset objects reloaded before import = 0Number of asset objects unloaded after import = 1

========================================================================
Received Import Request.
  Time since last request: 4.229307 seconds.
  path: Assets/Art/Sprites/Environment/Platforms.png
  artifactKey: Guid(3b334ec591596455abc1fef37c462f36) Importer(815301076,1909f56bfc062723c751e8b465ee728b)
Start importing Assets/Art/Sprites/Environment/Platforms.png using Guid(3b334ec591596455abc1fef37c462f36) Importer(815301076,1909f56bfc062723c751e8b465ee728b) (PreviewImporter) -> (artifact id: 'c0b7e3e7a72c7ae155242dfea664973f') in 0.164144676 seconds
Number of updated asset objects reloaded before import = 0Number of asset objects unloaded after import = 18

========================================================================
Received Import Request.
  Time since last request: 0.000124 seconds.
  path: Assets/Art/Sprites/Environment/Spikes Tile Map.prefab
  artifactKey: Guid(4c92ce79e4f484f1d907041eb8eb673b) Importer(815301076,1909f56bfc062723c751e8b465ee728b)
Start importing Assets/Art/Sprites/Environment/Spikes Tile Map.prefab using Guid(4c92ce79e4f484f1d907041eb8eb673b) Importer(815301076,1909f56bfc062723c751e8b465ee728b) (PreviewImporter) -> (artifact id: '829814b2b4ae67e1429292bd101f76af') in 0.029559903 seconds
Number of updated asset objects reloaded before import = 0Number of asset objects unloaded after import = 23

========================================================================
Received Import Request.
  Time since last request: 82.954573 seconds.
  path: Assets/Art/Sprites/Environment/smoke-particle.png
  artifactKey: Guid(9fa34e9f4c6d1449781acb4ce0ce2173) Importer(815301076,1909f56bfc062723c751e8b465ee728b)
Start importing Assets/Art/Sprites/Environment/smoke-particle.png using Guid(9fa34e9f4c6d1449781acb4ce0ce2173) Importer(815301076,1909f56bfc062723c751e8b465ee728b) (PreviewImporter) -> (artifact id: '430bfa6a3e414fc651728a7b15dafe06') in 0.021319209 seconds
Number of updated asset objects reloaded before import = 0Number of asset objects unloaded after import = 3

========================================================================
Received Import Request.
  Time since last request: 0.857421 seconds.
  path: Assets/Art/Sprites/Environment/smoke-particle.png
  artifactKey: Guid(9fa34e9f4c6d1449781acb4ce0ce2173) Importer(2089858483,b0f066a214c2f5e87bad3c948f4d605d)
Start importing Assets/Art/Sprites/Environment/smoke-particle.png using Guid(9fa34e9f4c6d1449781acb4ce0ce2173) Importer(2089858483,b0f066a214c2f5e87bad3c948f4d605d) (ScriptedImporter) -> (artifact id: '15bf9767f2e732ee6de68c8e342b21a7') in 0.088421557 seconds
Number of updated asset objects reloaded before import = 0Number of asset objects unloaded after import = 3

========================================================================
Received Import Request.
  Time since last request: 70.258182 seconds.
  path: Assets/Art/Sprites/Environment/smoke1.png
  artifactKey: Guid(93528d12edc504d29855ffa4c024ebc3) Importer(815301076,1909f56bfc062723c751e8b465ee728b)
Start importing Assets/Art/Sprites/Environment/smoke1.png using Guid(93528d12edc504d29855ffa4c024ebc3) Importer(815301076,1909f56bfc062723c751e8b465ee728b) (PreviewImporter) -> (artifact id: 'cd5450add4ae9c07f7339d159378de1d') in 0.027125475 seconds
Number of updated asset objects reloaded before import = 0Number of asset objects unloaded after import = 4

========================================================================
Received Import Request.
  Time since last request: 0.000085 seconds.
  path: Assets/Art/Sprites/Environment/smoke3.png
  artifactKey: Guid(9c7444757cde24e5694bd129a26a94a1) Importer(815301076,1909f56bfc062723c751e8b465ee728b)
Start importing Assets/Art/Sprites/Environment/smoke3.png using Guid(9c7444757cde24e5694bd129a26a94a1) Importer(815301076,1909f56bfc062723c751e8b465ee728b) (PreviewImporter) -> (artifact id: 'b08fbe5d3ede4aa40f133910ee5b4712') in 0.027861139 seconds
Number of updated asset objects reloaded before import = 0Number of asset objects unloaded after import = 5

========================================================================
Received Import Request.
  Time since last request: 0.769513 seconds.
  path: Assets/Art/Sprites/Environment/smoke3.png
  artifactKey: Guid(9c7444757cde24e5694bd129a26a94a1) Importer(2089858483,b0f066a214c2f5e87bad3c948f4d605d)
Start importing Assets/Art/Sprites/Environment/smoke3.png using Guid(9c7444757cde24e5694bd129a26a94a1) Importer(2089858483,b0f066a214c2f5e87bad3c948f4d605d) (ScriptedImporter) -> (artifact id: 'a24651375d46f07c131cb1859d6eecb9') in 0.023528281 seconds
Number of updated asset objects reloaded before import = 0Number of asset objects unloaded after import = 5

========================================================================
Received Import Request.
  Time since last request: 0.000084 seconds.
  path: Assets/Art/Sprites/Environment/smoke2.png
  artifactKey: Guid(9f1a5fc62520b4ae69556e4b47b14d44) Importer(2089858483,b0f066a214c2f5e87bad3c948f4d605d)
Start importing Assets/Art/Sprites/Environment/smoke2.png using Guid(9f1a5fc62520b4ae69556e4b47b14d44) Importer(2089858483,b0f066a214c2f5e87bad3c948f4d605d) (ScriptedImporter) -> (artifact id: '660a3dd0f403a3b117e876e3328cb74f') in 0.015105313 seconds
Number of updated asset objects reloaded before import = 0Number of asset objects unloaded after import = 3

========================================================================
Received Import Request.
  Time since last request: 0.000316 seconds.
  path: Assets/Art/Sprites/Environment/smoke1.png
  artifactKey: Guid(93528d12edc504d29855ffa4c024ebc3) Importer(2089858483,b0f066a214c2f5e87bad3c948f4d605d)
Start importing Assets/Art/Sprites/Environment/smoke1.png using Guid(93528d12edc504d29855ffa4c024ebc3) Importer(2089858483,b0f066a214c2f5e87bad3c948f4d605d) (ScriptedImporter) -> (artifact id: 'a409a690edfce826a9937ff7634c9411') in 0.021394205 seconds
Number of updated asset objects reloaded before import = 0Number of asset objects unloaded after import = 4

========================================================================
Received Import Request.
  Time since last request: 32.430524 seconds.
  path: Assets/Art/Sprites/Environment/Dust.mat
  artifactKey: Guid(9bef86aca08b84c08b752c9221b5d24f) Importer(815301076,1909f56bfc062723c751e8b465ee728b)
Start importing Assets/Art/Sprites/Environment/Dust.mat using Guid(9bef86aca08b84c08b752c9221b5d24f) Importer(815301076,1909f56bfc062723c751e8b465ee728b) (PreviewImporter) -> (artifact id: '43aaad9269ca4de463dd9c20d2693ea0') in 0.047821402 seconds
Number of updated asset objects reloaded before import = 0Number of asset objects unloaded after import = 1

========================================================================
Received Import Request.
  Time since last request: 0.856061 seconds.
  path: Assets/Art/Sprites/Environment/Dust.mat
  artifactKey: Guid(9bef86aca08b84c08b752c9221b5d24f) Importer(2089858483,b0f066a214c2f5e87bad3c948f4d605d)
Start importing Assets/Art/Sprites/Environment/Dust.mat using Guid(9bef86aca08b84c08b752c9221b5d24f) Importer(2089858483,b0f066a214c2f5e87bad3c948f4d605d) (ScriptedImporter) -> (artifact id: '235e9ad970e074bf74bec7dbcf1f1548') in 0.010181734 seconds
Number of updated asset objects reloaded before import = 0Number of asset objects unloaded after import = 1

========================================================================
Received Import Request.
  Time since last request: 152.309975 seconds.
  path: Assets/TextMesh Pro/Examples & Extras/Resources/Fonts & Materials/Unity SDF - HDRP LIT - Outline.mat
  artifactKey: Guid(967f61bb1e3e28645a39e0cb647cc79e) Importer(815301076,1909f56bfc062723c751e8b465ee728b)
Start importing Assets/TextMesh Pro/Examples & Extras/Resources/Fonts & Materials/Unity SDF - HDRP LIT - Outline.mat using Guid(967f61bb1e3e28645a39e0cb647cc79e) Importer(815301076,1909f56bfc062723c751e8b465ee728b) (PreviewImporter) -> (artifact id: '7383c830095032a702a7a5eb091eae96') in 0.031137967 seconds
Number of updated asset objects reloaded before import = 0Number of asset objects unloaded after import = 3

========================================================================
Received Import Request.
  Time since last request: 0.000114 seconds.
  path: Assets/TextMesh Pro/Examples & Extras/Resources/Fonts & Materials/Unity SDF - HDRP LIT - Bloom.mat
  artifactKey: Guid(8d176c01131de8f46ad61094e29d79b2) Importer(815301076,1909f56bfc062723c751e8b465ee728b)
Start importing Assets/TextMesh Pro/Examples & Extras/Resources/Fonts & Materials/Unity SDF - HDRP LIT - Bloom.mat using Guid(8d176c01131de8f46ad61094e29d79b2) Importer(815301076,1909f56bfc062723c751e8b465ee728b) (PreviewImporter) -> (artifact id: '7ab9791e897e183d6a5af65d6e417a77') in 0.029316236 seconds
Number of updated asset objects reloaded before import = 0Number of asset objects unloaded after import = 3

========================================================================
Received Import Request.
  Time since last request: 0.574140 seconds.
  path: Assets/TextMesh Pro/Shaders/TMP_SDF-URP Lit.shadergraph
  artifactKey: Guid(a3d800b099a06e0478fb790c5e79057a) Importer(815301076,1909f56bfc062723c751e8b465ee728b)
Start importing Assets/TextMesh Pro/Shaders/TMP_SDF-URP Lit.shadergraph using Guid(a3d800b099a06e0478fb790c5e79057a) Importer(815301076,1909f56bfc062723c751e8b465ee728b) (PreviewImporter) -> (artifact id: '951fd6ccd5c9735985628bf608f60724') in 0.045755995 seconds
Number of updated asset objects reloaded before import = 0Number of asset objects unloaded after import = 3

========================================================================
Received Import Request.
  Time since last request: 0.278382 seconds.
  path: Assets/TextMesh Pro/Shaders/TMP_SDF-HDRP LIT.shadergraph
  artifactKey: Guid(ca2ed216f98028c4dae6c5224a952b3c) Importer(815301076,1909f56bfc062723c751e8b465ee728b)
Start importing Assets/TextMesh Pro/Shaders/TMP_SDF-HDRP LIT.shadergraph using Guid(ca2ed216f98028c4dae6c5224a952b3c) Importer(815301076,1909f56bfc062723c751e8b465ee728b) (PreviewImporter) -> (artifact id: 'be590bed1707d38c186861e93e62dabe') in 0.011730053 seconds
Number of updated asset objects reloaded before import = 0Number of asset objects unloaded after import = 2

========================================================================
Received Import Request.
  Time since last request: 0.000092 seconds.
  path: Assets/TextMesh Pro/Examples & Extras/Resources/Fonts & Materials/Roboto-Bold SDF.asset
  artifactKey: Guid(5302535af1044152a457ed104f1f4b91) Importer(815301076,1909f56bfc062723c751e8b465ee728b)
Start importing Assets/TextMesh Pro/Examples & Extras/Resources/Fonts & Materials/Roboto-Bold SDF.asset using Guid(5302535af1044152a457ed104f1f4b91) Importer(815301076,1909f56bfc062723c751e8b465ee728b) (PreviewImporter) -> (artifact id: 'e9c8a24e5b6c0a8c555beba8d78f2b46') in 0.059449938 seconds
Number of updated asset objects reloaded before import = 0Number of asset objects unloaded after import = 6

========================================================================
Received Import Request.
  Time since last request: 0.225070 seconds.
  path: Assets/TextMesh Pro/Examples & Extras/Resources/Fonts & Materials/Roboto-Bold SDF - Surface.mat
  artifactKey: Guid(e6b276ec991f467aa14ef1f3cc665993) Importer(815301076,1909f56bfc062723c751e8b465ee728b)
Start importing Assets/TextMesh Pro/Examples & Extras/Resources/Fonts & Materials/Roboto-Bold SDF - Surface.mat using Guid(e6b276ec991f467aa14ef1f3cc665993) Importer(815301076,1909f56bfc062723c751e8b465ee728b) (PreviewImporter) -> (artifact id: 'ed9ccadad5d0f4cb0b870a316cf0ab89') in 0.016106962 seconds
Number of updated asset objects reloaded before import = 0Number of asset objects unloaded after import = 2

========================================================================
Received Import Request.
  Time since last request: 0.333364 seconds.
  path: Assets/TextMesh Pro/Examples & Extras/Resources/Fonts & Materials/Roboto-Bold SDF - Drop Shadow.mat
  artifactKey: Guid(b246c4190f4e46ec9352fe15a7b09ce0) Importer(815301076,1909f56bfc062723c751e8b465ee728b)
Start importing Assets/TextMesh Pro/Examples & Extras/Resources/Fonts & Materials/Roboto-Bold SDF - Drop Shadow.mat using Guid(b246c4190f4e46ec9352fe15a7b09ce0) Importer(815301076,1909f56bfc062723c751e8b465ee728b) (PreviewImporter) -> (artifact id: '418be61dc3ac00147e48e521a1d84105') in 0.013811737 seconds
Number of updated asset objects reloaded before import = 0Number of asset objects unloaded after import = 2

========================================================================
Received Import Request.
  Time since last request: 0.000086 seconds.
  path: Assets/TextMesh Pro/Resources/Fonts & Materials/LiberationSans SDF - Fallback.asset
  artifactKey: Guid(2e498d1c8094910479dc3e1b768306a4) Importer(815301076,1909f56bfc062723c751e8b465ee728b)
Start importing Assets/TextMesh Pro/Resources/Fonts & Materials/LiberationSans SDF - Fallback.asset using Guid(2e498d1c8094910479dc3e1b768306a4) Importer(815301076,1909f56bfc062723c751e8b465ee728b) (PreviewImporter) -> (artifact id: '9b28be51e7baec20ea569e7a17b13bac') in 0.021932175 seconds
Number of updated asset objects reloaded before import = 0Number of asset objects unloaded after import = 6

========================================================================
Received Import Request.
  Time since last request: 0.216794 seconds.
  path: Assets/TextMesh Pro/Examples & Extras/Resources/Fonts & Materials/LiberationSans SDF - Soft Mask.mat
  artifactKey: Guid(42df1c7856584b6b8db9a509b6b10074) Importer(815301076,1909f56bfc062723c751e8b465ee728b)
Start importing Assets/TextMesh Pro/Examples & Extras/Resources/Fonts & Materials/LiberationSans SDF - Soft Mask.mat using Guid(42df1c7856584b6b8db9a509b6b10074) Importer(815301076,1909f56bfc062723c751e8b465ee728b) (PreviewImporter) -> (artifact id: 'a5b65d4abe1757ba7e5b243fa1b72234') in 0.03085169 seconds
Number of updated asset objects reloaded before import = 0Number of asset objects unloaded after import = 3

========================================================================
Received Import Request.
  Time since last request: 0.000112 seconds.
  path: Assets/TextMesh Pro/Resources/Fonts & Materials/LiberationSans SDF - Outline.mat
  artifactKey: Guid(79459efec17a4d00a321bdcc27bbc385) Importer(815301076,1909f56bfc062723c751e8b465ee728b)
Start importing Assets/TextMesh Pro/Resources/Fonts & Materials/LiberationSans SDF - Outline.mat using Guid(79459efec17a4d00a321bdcc27bbc385) Importer(815301076,1909f56bfc062723c751e8b465ee728b) (PreviewImporter) -> (artifact id: 'e0d625cccd4d2c0935a65fb8fce84714') in 0.030511578 seconds
Number of updated asset objects reloaded before import = 0Number of asset objects unloaded after import = 2

========================================================================
Received Import Request.
  Time since last request: 0.126755 seconds.
  path: Assets/TextMesh Pro/Resources/Fonts & Materials/LiberationSans SDF - Drop Shadow.mat
  artifactKey: Guid(e73a58f6e2794ae7b1b7e50b7fb811b0) Importer(815301076,1909f56bfc062723c751e8b465ee728b)
Start importing Assets/TextMesh Pro/Resources/Fonts & Materials/LiberationSans SDF - Drop Shadow.mat using Guid(e73a58f6e2794ae7b1b7e50b7fb811b0) Importer(815301076,1909f56bfc062723c751e8b465ee728b) (PreviewImporter) -> (artifact id: 'cfdca8b084f2bce19ddcd9e4320445eb') in 0.023655244 seconds
Number of updated asset objects reloaded before import = 0Number of asset objects unloaded after import = 2

========================================================================
Received Import Request.
  Time since last request: 0.000134 seconds.
  path: Assets/TextMesh Pro/Examples & Extras/Fonts/Unity.ttf
  artifactKey: Guid(f4eec857a4fdf2f43be0e9f3d1a984e7) Importer(815301076,1909f56bfc062723c751e8b465ee728b)
Start importing Assets/TextMesh Pro/Examples & Extras/Fonts/Unity.ttf using Guid(f4eec857a4fdf2f43be0e9f3d1a984e7) Importer(815301076,1909f56bfc062723c751e8b465ee728b) (PreviewImporter) -> (artifact id: '19c731ebfe7624034ed93aea731bd09d') in 0.028602901 seconds
Number of updated asset objects reloaded before import = 0Number of asset objects unloaded after import = 4

========================================================================
Received Import Request.
  Time since last request: 0.000102 seconds.
  path: Assets/TextMesh Pro/Examples & Extras/Fonts/Oswald-Bold.ttf
  artifactKey: Guid(c9f6d0e7bc8541498c9a4799ba184ede) Importer(815301076,1909f56bfc062723c751e8b465ee728b)
Start importing Assets/TextMesh Pro/Examples & Extras/Fonts/Oswald-Bold.ttf using Guid(c9f6d0e7bc8541498c9a4799ba184ede) Importer(815301076,1909f56bfc062723c751e8b465ee728b) (PreviewImporter) -> (artifact id: '0312b18439dd9da2aa294c77a0f9b7df') in 0.038228446 seconds
Number of updated asset objects reloaded before import = 0Number of asset objects unloaded after import = 4

========================================================================
Received Import Request.
  Time since last request: 0.000106 seconds.
  path: Assets/TextMesh Pro/Examples & Extras/Fonts/Electronic Highway Sign.TTF
  artifactKey: Guid(8a2b9e2a607dd2143b58c44bc32410b4) Importer(815301076,1909f56bfc062723c751e8b465ee728b)
Start importing Assets/TextMesh Pro/Examples & Extras/Fonts/Electronic Highway Sign.TTF using Guid(8a2b9e2a607dd2143b58c44bc32410b4) Importer(815301076,1909f56bfc062723c751e8b465ee728b) (PreviewImporter) -> (artifact id: 'e39bba6181821eeb86238aa544eda214') in 0.015897831 seconds
Number of updated asset objects reloaded before import = 0Number of asset objects unloaded after import = 4

========================================================================
Received Import Request.
  Time since last request: 0.000106 seconds.
  path: Assets/TextMesh Pro/Examples & Extras/Materials/Ground - Surface Shader Scene.mat
  artifactKey: Guid(aadd5a709a48466c887296bb5b1b8110) Importer(815301076,1909f56bfc062723c751e8b465ee728b)
Start importing Assets/TextMesh Pro/Examples & Extras/Materials/Ground - Surface Shader Scene.mat using Guid(aadd5a709a48466c887296bb5b1b8110) Importer(815301076,1909f56bfc062723c751e8b465ee728b) (PreviewImporter) -> (artifact id: 'fa46534c27c2e1755c2cec198ed89093') in 0.021296476 seconds
Number of updated asset objects reloaded before import = 0Number of asset objects unloaded after import = 2

========================================================================
Received Import Request.
  Time since last request: 0.000131 seconds.
  path: Assets/TextMesh Pro/Examples & Extras/Resources/Fonts & Materials/Bangers SDF Logo - URP.mat
  artifactKey: Guid(6751ce1a4611b3940812c13a6847d94f) Importer(815301076,1909f56bfc062723c751e8b465ee728b)
Start importing Assets/TextMesh Pro/Examples & Extras/Resources/Fonts & Materials/Bangers SDF Logo - URP.mat using Guid(6751ce1a4611b3940812c13a6847d94f) Importer(815301076,1909f56bfc062723c751e8b465ee728b) (PreviewImporter) -> (artifact id: '2f7b1ecd9e2e4084f6c037884e7eac42') in 0.023966423 seconds
Number of updated asset objects reloaded before import = 0Number of asset objects unloaded after import = 5

========================================================================
Received Import Request.
  Time since last request: 0.000087 seconds.
  path: Assets/TextMesh Pro/Examples & Extras/Resources/Fonts & Materials/Bangers SDF - Drop Shadow - 2 Pass.mat
  artifactKey: Guid(947a44964e53bf0448ff698b2a2219c0) Importer(815301076,1909f56bfc062723c751e8b465ee728b)
Start importing Assets/TextMesh Pro/Examples & Extras/Resources/Fonts & Materials/Bangers SDF - Drop Shadow - 2 Pass.mat using Guid(947a44964e53bf0448ff698b2a2219c0) Importer(815301076,1909f56bfc062723c751e8b465ee728b) (PreviewImporter) -> (artifact id: '5fdb2b77d7d06f2ea56daea3a09545c9') in 0.128875961 seconds
Number of updated asset objects reloaded before import = 0Number of asset objects unloaded after import = 2

========================================================================
Received Import Request.
  Time since last request: 0.000094 seconds.
  path: Assets/TextMesh Pro/Examples & Extras/Resources/Fonts & Materials/Anton SDF - Drop Shadow.mat
  artifactKey: Guid(749b9069dc4742c5bfa5c74644049926) Importer(815301076,1909f56bfc062723c751e8b465ee728b)
Start importing Assets/TextMesh Pro/Examples & Extras/Resources/Fonts & Materials/Anton SDF - Drop Shadow.mat using Guid(749b9069dc4742c5bfa5c74644049926) Importer(815301076,1909f56bfc062723c751e8b465ee728b) (PreviewImporter) -> (artifact id: 'da8ad14993be57f47af48b2e4ee20376') in 0.011641441 seconds
Number of updated asset objects reloaded before import = 0Number of asset objects unloaded after import = 2

========================================================================
Received Import Request.
  Time since last request: 0.000104 seconds.
  path: Assets/TextMesh Pro/Examples & Extras/Resources/Fonts & Materials/Bangers SDF.asset
  artifactKey: Guid(125cb55b44b24c4393181402bc6200e6) Importer(815301076,1909f56bfc062723c751e8b465ee728b)
Start importing Assets/TextMesh Pro/Examples & Extras/Resources/Fonts & Materials/Bangers SDF.asset using Guid(125cb55b44b24c4393181402bc6200e6) Importer(815301076,1909f56bfc062723c751e8b465ee728b) (PreviewImporter) -> (artifact id: '4ea2e66e889fb4d471404f031c10a1bd') in 0.031028306 seconds
Number of updated asset objects reloaded before import = 0Number of asset objects unloaded after import = 6

========================================================================
Received Import Request.
  Time since last request: 0.000097 seconds.
  path: Assets/TextMesh Pro/Examples & Extras/Resources/Fonts & Materials/Bangers SDF - Drop Shadow.mat
  artifactKey: Guid(f2dcf029949142e28b974630369c8b4e) Importer(815301076,1909f56bfc062723c751e8b465ee728b)
Start importing Assets/TextMesh Pro/Examples & Extras/Resources/Fonts & Materials/Bangers SDF - Drop Shadow.mat using Guid(f2dcf029949142e28b974630369c8b4e) Importer(815301076,1909f56bfc062723c751e8b465ee728b) (PreviewImporter) -> (artifact id: '7314994edd012a4fe8ce7a0df746c6e8') in 0.009911305 seconds
Number of updated asset objects reloaded before import = 0Number of asset objects unloaded after import = 2

========================================================================
Received Import Request.
  Time since last request: 0.000085 seconds.
  path: Assets/TextMesh Pro/Examples & Extras/Resources/Fonts & Materials/Anton SDF - Outline.mat
  artifactKey: Guid(a00013af81304728b2be1f4309ee2433) Importer(815301076,1909f56bfc062723c751e8b465ee728b)
Start importing Assets/TextMesh Pro/Examples & Extras/Resources/Fonts & Materials/Anton SDF - Outline.mat using Guid(a00013af81304728b2be1f4309ee2433) Importer(815301076,1909f56bfc062723c751e8b465ee728b) (PreviewImporter) -> (artifact id: '3d29a4ad39ee234479bd205aa4f83edc') in 0.012721031 seconds
Number of updated asset objects reloaded before import = 0Number of asset objects unloaded after import = 2

========================================================================
Received Import Request.
  Time since last request: 0.000090 seconds.
  path: Assets/TextMesh Pro/Examples & Extras/Fonts/Bangers.ttf
  artifactKey: Guid(5dd49b3eacc540408c98eee0de38e0f1) Importer(815301076,1909f56bfc062723c751e8b465ee728b)
Start importing Assets/TextMesh Pro/Examples & Extras/Fonts/Bangers.ttf using Guid(5dd49b3eacc540408c98eee0de38e0f1) Importer(815301076,1909f56bfc062723c751e8b465ee728b) (PreviewImporter) -> (artifact id: '8c23d28602636d585db30d4c56f32d7c') in 0.031161347 seconds
Number of updated asset objects reloaded before import = 0Number of asset objects unloaded after import = 4

========================================================================
Received Import Request.
  Time since last request: 0.000129 seconds.
  path: Assets/TextMesh Pro/Examples & Extras/Materials/Ground - Logo Scene.mat
  artifactKey: Guid(c719e38f25a9480abd2480ab621a2949) Importer(815301076,1909f56bfc062723c751e8b465ee728b)
Start importing Assets/TextMesh Pro/Examples & Extras/Materials/Ground - Logo Scene.mat using Guid(c719e38f25a9480abd2480ab621a2949) Importer(815301076,1909f56bfc062723c751e8b465ee728b) (PreviewImporter) -> (artifact id: '389148d719243128f6fed15412671a66') in 0.010669867 seconds
Number of updated asset objects reloaded before import = 0Number of asset objects unloaded after import = 2

========================================================================
Received Import Request.
  Time since last request: 0.000096 seconds.
  path: Assets/TextMesh Pro/Examples & Extras/Fonts/Anton.ttf
  artifactKey: Guid(997a43b767814dd0a7642ec9b78cba41) Importer(815301076,1909f56bfc062723c751e8b465ee728b)
Start importing Assets/TextMesh Pro/Examples & Extras/Fonts/Anton.ttf using Guid(997a43b767814dd0a7642ec9b78cba41) Importer(815301076,1909f56bfc062723c751e8b465ee728b) (PreviewImporter) -> (artifact id: '06d5effbf5c637cbb4c55386a5c2470e') in 0.02182053 seconds
Number of updated asset objects reloaded before import = 0Number of asset objects unloaded after import = 4

========================================================================
Received Import Request.
  Time since last request: 1.514848 seconds.
  path: Assets/TextMesh Pro/Examples & Extras/Materials/Crate - URP.mat
  artifactKey: Guid(3b5cc91c3bf8cf74391252247f52fb59) Importer(815301076,1909f56bfc062723c751e8b465ee728b)
Start importing Assets/TextMesh Pro/Examples & Extras/Materials/Crate - URP.mat using Guid(3b5cc91c3bf8cf74391252247f52fb59) Importer(815301076,1909f56bfc062723c751e8b465ee728b) (PreviewImporter) -> (artifact id: '23bf89db4ca1c4500b8b759d4c167197') in 0.029533211 seconds
Number of updated asset objects reloaded before import = 0Number of asset objects unloaded after import = 3

========================================================================
Received Import Request.
  Time since last request: 0.276860 seconds.
  path: Assets/TextMesh Pro/Examples & Extras/Resources/Fonts & Materials/Electronic Highway Sign SDF.asset
  artifactKey: Guid(dc36b3fdc14f47ebb36fd484a67e268a) Importer(815301076,1909f56bfc062723c751e8b465ee728b)
Start importing Assets/TextMesh Pro/Examples & Extras/Resources/Fonts & Materials/Electronic Highway Sign SDF.asset using Guid(dc36b3fdc14f47ebb36fd484a67e268a) Importer(815301076,1909f56bfc062723c751e8b465ee728b) (PreviewImporter) -> (artifact id: '2d3ca7e8b1946b12553ec0d2f9a15810') in 0.025633897 seconds
Number of updated asset objects reloaded before import = 0Number of asset objects unloaded after import = 6

========================================================================
Received Import Request.
  Time since last request: 1.498306 seconds.
  path: Assets/Art/Effects/Particles/JumpDustParticles.prefab
  artifactKey: Guid(29149b2b9a8a44371aeed73929c23a00) Importer(815301076,1909f56bfc062723c751e8b465ee728b)
Start importing Assets/Art/Effects/Particles/JumpDustParticles.prefab using Guid(29149b2b9a8a44371aeed73929c23a00) Importer(815301076,1909f56bfc062723c751e8b465ee728b) (PreviewImporter) -> (artifact id: '1a5043b87003886b8497b02a09db7bf1') in 0.012629901 seconds
Number of updated asset objects reloaded before import = 0Number of asset objects unloaded after import = 7

========================================================================
Received Import Request.
  Time since last request: 0.904304 seconds.
  path: Assets/Art/Effects/Particles/JumpDustParticles.prefab
  artifactKey: Guid(29149b2b9a8a44371aeed73929c23a00) Importer(2089858483,b0f066a214c2f5e87bad3c948f4d605d)
Start importing Assets/Art/Effects/Particles/JumpDustParticles.prefab using Guid(29149b2b9a8a44371aeed73929c23a00) Importer(2089858483,b0f066a214c2f5e87bad3c948f4d605d) (ScriptedImporter) -> (artifact id: '1412bc54532194194069f92193dbdf8c') in 0.049500314 seconds
Number of updated asset objects reloaded before import = 0Number of asset objects unloaded after import = 6

========================================================================
Received Import Request.
  Time since last request: 6.878020 seconds.
  path: Assets/Art/Effects/Particles/RunningDustParticles.prefab
  artifactKey: Guid(c5942330b9f7540059c159c203c0baf5) Importer(815301076,1909f56bfc062723c751e8b465ee728b)
Start importing Assets/Art/Effects/Particles/RunningDustParticles.prefab using Guid(c5942330b9f7540059c159c203c0baf5) Importer(815301076,1909f56bfc062723c751e8b465ee728b) (PreviewImporter) -> (artifact id: '8f72c41cc4adc3e65131991369ebde20') in 0.014094303 seconds
Number of updated asset objects reloaded before import = 0Number of asset objects unloaded after import = 6

========================================================================
Received Import Request.
  Time since last request: 0.825768 seconds.
  path: Assets/Art/Effects/Particles/RunningDustParticles.prefab
  artifactKey: Guid(c5942330b9f7540059c159c203c0baf5) Importer(2089858483,b0f066a214c2f5e87bad3c948f4d605d)
Start importing Assets/Art/Effects/Particles/RunningDustParticles.prefab using Guid(c5942330b9f7540059c159c203c0baf5) Importer(2089858483,b0f066a214c2f5e87bad3c948f4d605d) (ScriptedImporter) -> (artifact id: '1f4bd2ee58f70e3855b6426aaf64fdf3') in 0.037349389 seconds
Number of updated asset objects reloaded before import = 0Number of asset objects unloaded after import = 6

========================================================================
Received Import Request.
  Time since last request: 7.787655 seconds.
  path: Assets/Art/Effects/Particles/RunningDustParticles.prefab
  artifactKey: Guid(c5942330b9f7540059c159c203c0baf5) Importer(815301076,1909f56bfc062723c751e8b465ee728b)
Start importing Assets/Art/Effects/Particles/RunningDustParticles.prefab using Guid(c5942330b9f7540059c159c203c0baf5) Importer(815301076,1909f56bfc062723c751e8b465ee728b) (PreviewImporter) -> (artifact id: '294ae543b9fb3574f27bd1dbb9335758') in 0.011437394 seconds
Number of updated asset objects reloaded before import = 0Number of asset objects unloaded after import = 7

========================================================================
Received Import Request.
  Time since last request: 0.918302 seconds.
  path: Assets/Art/Effects/Particles/RunningDustParticles.prefab
  artifactKey: Guid(c5942330b9f7540059c159c203c0baf5) Importer(2089858483,b0f066a214c2f5e87bad3c948f4d605d)
Start importing Assets/Art/Effects/Particles/RunningDustParticles.prefab using Guid(c5942330b9f7540059c159c203c0baf5) Importer(2089858483,b0f066a214c2f5e87bad3c948f4d605d) (ScriptedImporter) -> (artifact id: 'ab5e1a6607a8fc4731fea63e4814b8b0') in 0.029663167 seconds
Number of updated asset objects reloaded before import = 0Number of asset objects unloaded after import = 6

========================================================================
Received Import Request.
  Time since last request: 39.538248 seconds.
  path: Assets/Art/Effects/Particles/RunningDustParticles.prefab
  artifactKey: Guid(c5942330b9f7540059c159c203c0baf5) Importer(815301076,1909f56bfc062723c751e8b465ee728b)
Start importing Assets/Art/Effects/Particles/RunningDustParticles.prefab using Guid(c5942330b9f7540059c159c203c0baf5) Importer(815301076,1909f56bfc062723c751e8b465ee728b) (PreviewImporter) -> (artifact id: 'd515ccde7cc5416c19aa8d7fa8b473eb') in 0.011427212 seconds
Number of updated asset objects reloaded before import = 0Number of asset objects unloaded after import = 7

========================================================================
Received Import Request.
  Time since last request: 10.649123 seconds.
  path: Assets/Art/Effects/Particles/RunningDustParticles.prefab
  artifactKey: Guid(c5942330b9f7540059c159c203c0baf5) Importer(2089858483,b0f066a214c2f5e87bad3c948f4d605d)
Start importing Assets/Art/Effects/Particles/RunningDustParticles.prefab using Guid(c5942330b9f7540059c159c203c0baf5) Importer(2089858483,b0f066a214c2f5e87bad3c948f4d605d) (ScriptedImporter) -> (artifact id: '4f3ad48a6dad4f34bbae0529828ce6be') in 0.030757683 seconds
Number of updated asset objects reloaded before import = 0Number of asset objects unloaded after import = 6

========================================================================
Received Import Request.
  Time since last request: 32.806557 seconds.
  path: Assets/Art/Effects/Particles/RunningDustParticles.prefab
  artifactKey: Guid(c5942330b9f7540059c159c203c0baf5) Importer(815301076,1909f56bfc062723c751e8b465ee728b)
Start importing Assets/Art/Effects/Particles/RunningDustParticles.prefab using Guid(c5942330b9f7540059c159c203c0baf5) Importer(815301076,1909f56bfc062723c751e8b465ee728b) (PreviewImporter) -> (artifact id: 'e517f54df575a4f3f7cca88dcbd852c6') in 0.015252421 seconds
Number of updated asset objects reloaded before import = 0Number of asset objects unloaded after import = 7

========================================================================
Received Import Request.
  Time since last request: 0.847908 seconds.
  path: Assets/Art/Effects/Particles/RunningDustParticles.prefab
  artifactKey: Guid(c5942330b9f7540059c159c203c0baf5) Importer(2089858483,b0f066a214c2f5e87bad3c948f4d605d)
Start importing Assets/Art/Effects/Particles/RunningDustParticles.prefab using Guid(c5942330b9f7540059c159c203c0baf5) Importer(2089858483,b0f066a214c2f5e87bad3c948f4d605d) (ScriptedImporter) -> (artifact id: 'a8f60b0d886ec719058e61c3c818896c') in 0.027973633 seconds
Number of updated asset objects reloaded before import = 0Number of asset objects unloaded after import = 6

========================================================================
Received Import Request.
  Time since last request: 5.400226 seconds.
  path: Assets/Art/Effects/Particles/RunningDustParticles.prefab
  artifactKey: Guid(c5942330b9f7540059c159c203c0baf5) Importer(815301076,1909f56bfc062723c751e8b465ee728b)
Start importing Assets/Art/Effects/Particles/RunningDustParticles.prefab using Guid(c5942330b9f7540059c159c203c0baf5) Importer(815301076,1909f56bfc062723c751e8b465ee728b) (PreviewImporter) -> (artifact id: 'f5197718fc6548b0d31c933b378b77a7') in 0.010636378 seconds
Number of updated asset objects reloaded before import = 0Number of asset objects unloaded after import = 7

========================================================================
Received Import Request.
  Time since last request: 19.436830 seconds.
  path: Assets/Art/Effects/Particles/RunningDustParticles.prefab
  artifactKey: Guid(c5942330b9f7540059c159c203c0baf5) Importer(815301076,1909f56bfc062723c751e8b465ee728b)
Start importing Assets/Art/Effects/Particles/RunningDustParticles.prefab using Guid(c5942330b9f7540059c159c203c0baf5) Importer(815301076,1909f56bfc062723c751e8b465ee728b) (PreviewImporter) -> (artifact id: 'e2eff5c1d454d7e521dfc49e9c92b7a1') in 0.011886578 seconds
Number of updated asset objects reloaded before import = 0Number of asset objects unloaded after import = 7

========================================================================
Received Import Request.
  Time since last request: 23.840642 seconds.
  path: Assets/Art/Effects/Particles/RunningDustParticles.prefab
  artifactKey: Guid(c5942330b9f7540059c159c203c0baf5) Importer(815301076,1909f56bfc062723c751e8b465ee728b)
Start importing Assets/Art/Effects/Particles/RunningDustParticles.prefab using Guid(c5942330b9f7540059c159c203c0baf5) Importer(815301076,1909f56bfc062723c751e8b465ee728b) (PreviewImporter) -> (artifact id: '5c831e935019c1d74022dc8329e75c3d') in 0.010600306 seconds
Number of updated asset objects reloaded before import = 0Number of asset objects unloaded after import = 7

========================================================================
Received Import Request.
  Time since last request: 0.000154 seconds.
  path: Assets/Art/Effects/Particles/RunningDustParticles.prefab
  artifactKey: Guid(c5942330b9f7540059c159c203c0baf5) Importer(2089858483,b0f066a214c2f5e87bad3c948f4d605d)
Start importing Assets/Art/Effects/Particles/RunningDustParticles.prefab using Guid(c5942330b9f7540059c159c203c0baf5) Importer(2089858483,b0f066a214c2f5e87bad3c948f4d605d) (ScriptedImporter) -> (artifact id: 'b3b30f0dbff6b88b8f87c7a085e5b812') in 0.044118931 seconds
Number of updated asset objects reloaded before import = 0Number of asset objects unloaded after import = 6

========================================================================
Received Import Request.
  Time since last request: 9.835931 seconds.
  path: Assets/Art/Effects/Particles/RunningDustParticles.prefab
  artifactKey: Guid(c5942330b9f7540059c159c203c0baf5) Importer(815301076,1909f56bfc062723c751e8b465ee728b)
Start importing Assets/Art/Effects/Particles/RunningDustParticles.prefab using Guid(c5942330b9f7540059c159c203c0baf5) Importer(815301076,1909f56bfc062723c751e8b465ee728b) (PreviewImporter) -> (artifact id: 'ce93f2c343ddfee9483343550dddaa73') in 0.012326435 seconds
Number of updated asset objects reloaded before import = 0Number of asset objects unloaded after import = 7

========================================================================
Received Import Request.
  Time since last request: 1.590053 seconds.
  path: Assets/Art/Effects/Particles/RunningDustParticles.prefab
  artifactKey: Guid(c5942330b9f7540059c159c203c0baf5) Importer(2089858483,b0f066a214c2f5e87bad3c948f4d605d)
Start importing Assets/Art/Effects/Particles/RunningDustParticles.prefab using Guid(c5942330b9f7540059c159c203c0baf5) Importer(2089858483,b0f066a214c2f5e87bad3c948f4d605d) (ScriptedImporter) -> (artifact id: 'ef333b515ca67e4b7a247474200438a3') in 0.03772827 seconds
Number of updated asset objects reloaded before import = 0Number of asset objects unloaded after import = 6

========================================================================
Received Import Request.
  Time since last request: 61.866872 seconds.
  path: Assets/Art/Effects/Particles/RunningDustParticles.prefab
  artifactKey: Guid(c5942330b9f7540059c159c203c0baf5) Importer(815301076,1909f56bfc062723c751e8b465ee728b)
Start importing Assets/Art/Effects/Particles/RunningDustParticles.prefab using Guid(c5942330b9f7540059c159c203c0baf5) Importer(815301076,1909f56bfc062723c751e8b465ee728b) (PreviewImporter) -> (artifact id: '36e776fdd95885b3e117cb90bb9c8bc3') in 0.017097642 seconds
Number of updated asset objects reloaded before import = 0Number of asset objects unloaded after import = 7

========================================================================
Received Import Request.
  Time since last request: 0.585106 seconds.
  path: Assets/Art/Effects/Particles/RunningDustParticles.prefab
  artifactKey: Guid(c5942330b9f7540059c159c203c0baf5) Importer(2089858483,b0f066a214c2f5e87bad3c948f4d605d)
Start importing Assets/Art/Effects/Particles/RunningDustParticles.prefab using Guid(c5942330b9f7540059c159c203c0baf5) Importer(2089858483,b0f066a214c2f5e87bad3c948f4d605d) (ScriptedImporter) -> (artifact id: '59274a7b52e38e0e9bb81e9013335918') in 0.069650003 seconds
Number of updated asset objects reloaded before import = 0Number of asset objects unloaded after import = 6

========================================================================
Received Import Request.
  Time since last request: 23.420899 seconds.
  path: Assets/Art/Effects/Particles/RunningDustParticles.prefab
  artifactKey: Guid(c5942330b9f7540059c159c203c0baf5) Importer(815301076,1909f56bfc062723c751e8b465ee728b)
Start importing Assets/Art/Effects/Particles/RunningDustParticles.prefab using Guid(c5942330b9f7540059c159c203c0baf5) Importer(815301076,1909f56bfc062723c751e8b465ee728b) (PreviewImporter) -> (artifact id: '6b39d1e7c953e8d167a04ca73556bf25') in 0.027111303 seconds
Number of updated asset objects reloaded before import = 0Number of asset objects unloaded after import = 7

========================================================================
Received Import Request.
  Time since last request: 16.834096 seconds.
  path: Assets/Art/Effects/Particles/RunningDustParticles.prefab
  artifactKey: Guid(c5942330b9f7540059c159c203c0baf5) Importer(815301076,1909f56bfc062723c751e8b465ee728b)
Start importing Assets/Art/Effects/Particles/RunningDustParticles.prefab using Guid(c5942330b9f7540059c159c203c0baf5) Importer(815301076,1909f56bfc062723c751e8b465ee728b) (PreviewImporter) -> (artifact id: 'f2101ae75e3c8a58a3b9810e6a1f5a5e') in 0.028012109 seconds
Number of updated asset objects reloaded before import = 0Number of asset objects unloaded after import = 7

========================================================================
Received Import Request.
  Time since last request: 1.531752 seconds.
  path: Assets/Art/Effects/Particles/RunningDustParticles.prefab
  artifactKey: Guid(c5942330b9f7540059c159c203c0baf5) Importer(2089858483,b0f066a214c2f5e87bad3c948f4d605d)
Start importing Assets/Art/Effects/Particles/RunningDustParticles.prefab using Guid(c5942330b9f7540059c159c203c0baf5) Importer(2089858483,b0f066a214c2f5e87bad3c948f4d605d) (ScriptedImporter) -> (artifact id: '7a8879da19b54d69c711a2076d4eccbf') in 0.069124867 seconds
Number of updated asset objects reloaded before import = 0Number of asset objects unloaded after import = 6

========================================================================
Received Import Request.
  Time since last request: 22.219592 seconds.
  path: Assets/Art/Effects/Particles/RunningDustParticles.prefab
  artifactKey: Guid(c5942330b9f7540059c159c203c0baf5) Importer(815301076,1909f56bfc062723c751e8b465ee728b)
Start importing Assets/Art/Effects/Particles/RunningDustParticles.prefab using Guid(c5942330b9f7540059c159c203c0baf5) Importer(815301076,1909f56bfc062723c751e8b465ee728b) (PreviewImporter) -> (artifact id: '43c39e8d16b8a426871a92a27b940eb3') in 0.01596957 seconds
Number of updated asset objects reloaded before import = 0Number of asset objects unloaded after import = 7

========================================================================
Received Import Request.
  Time since last request: 0.649985 seconds.
  path: Assets/Art/Effects/Particles/RunningDustParticles.prefab
  artifactKey: Guid(c5942330b9f7540059c159c203c0baf5) Importer(2089858483,b0f066a214c2f5e87bad3c948f4d605d)
Start importing Assets/Art/Effects/Particles/RunningDustParticles.prefab using Guid(c5942330b9f7540059c159c203c0baf5) Importer(2089858483,b0f066a214c2f5e87bad3c948f4d605d) (ScriptedImporter) -> (artifact id: '289aaa3dd65af75d6008e616912af856') in 0.041156372 seconds
Number of updated asset objects reloaded before import = 0Number of asset objects unloaded after import = 6

========================================================================
Received Import Request.
  Time since last request: 1.235846 seconds.
  path: Assets/Art/Effects/Particles/RunningDustParticles.prefab
  artifactKey: Guid(c5942330b9f7540059c159c203c0baf5) Importer(815301076,1909f56bfc062723c751e8b465ee728b)
Start importing Assets/Art/Effects/Particles/RunningDustParticles.prefab using Guid(c5942330b9f7540059c159c203c0baf5) Importer(815301076,1909f56bfc062723c751e8b465ee728b) (PreviewImporter) -> (artifact id: 'e83a3bd6ad90bdb1cc6aef47244629d3') in 0.012661553 seconds
Number of updated asset objects reloaded before import = 0Number of asset objects unloaded after import = 7

========================================================================
Received Import Request.
  Time since last request: 0.806726 seconds.
  path: Assets/Art/Effects/Particles/RunningDustParticles.prefab
  artifactKey: Guid(c5942330b9f7540059c159c203c0baf5) Importer(2089858483,b0f066a214c2f5e87bad3c948f4d605d)
Start importing Assets/Art/Effects/Particles/RunningDustParticles.prefab using Guid(c5942330b9f7540059c159c203c0baf5) Importer(2089858483,b0f066a214c2f5e87bad3c948f4d605d) (ScriptedImporter) -> (artifact id: 'f3d1df84519fd524c736f5d0112d281a') in 0.035355442 seconds
Number of updated asset objects reloaded before import = 0Number of asset objects unloaded after import = 6

========================================================================
Received Import Request.
  Time since last request: 7.335421 seconds.
  path: Assets/Art/Effects/Particles/RunningDustParticles.prefab
  artifactKey: Guid(c5942330b9f7540059c159c203c0baf5) Importer(815301076,1909f56bfc062723c751e8b465ee728b)
Start importing Assets/Art/Effects/Particles/RunningDustParticles.prefab using Guid(c5942330b9f7540059c159c203c0baf5) Importer(815301076,1909f56bfc062723c751e8b465ee728b) (PreviewImporter) -> (artifact id: 'b7b30817d8f1027ee8ce78c9c8dcc604') in 0.012359604 seconds
Number of updated asset objects reloaded before import = 0Number of asset objects unloaded after import = 7

========================================================================
Received Import Request.
  Time since last request: 59.165635 seconds.
  path: Assets/Art/Effects/Particles/RunningDustParticles.prefab
  artifactKey: Guid(c5942330b9f7540059c159c203c0baf5) Importer(815301076,1909f56bfc062723c751e8b465ee728b)
Start importing Assets/Art/Effects/Particles/RunningDustParticles.prefab using Guid(c5942330b9f7540059c159c203c0baf5) Importer(815301076,1909f56bfc062723c751e8b465ee728b) (PreviewImporter) -> (artifact id: '914b52ec6a1dc3f32e660c4d355cb679') in 0.013924308 seconds
Number of updated asset objects reloaded before import = 0Number of asset objects unloaded after import = 7

========================================================================
Received Import Request.
  Time since last request: 0.108115 seconds.
  path: Assets/Art/Effects/Particles/RunningDustParticles.prefab
  artifactKey: Guid(c5942330b9f7540059c159c203c0baf5) Importer(2089858483,b0f066a214c2f5e87bad3c948f4d605d)
Start importing Assets/Art/Effects/Particles/RunningDustParticles.prefab using Guid(c5942330b9f7540059c159c203c0baf5) Importer(2089858483,b0f066a214c2f5e87bad3c948f4d605d) (ScriptedImporter) -> (artifact id: '98bdf915238fcf31881d57a440bf1f08') in 0.036730933 seconds
Number of updated asset objects reloaded before import = 0Number of asset objects unloaded after import = 6

========================================================================
Received Import Request.
  Time since last request: 8.588062 seconds.
  path: Assets/Art/Effects/Particles/RunningDustParticles.prefab
  artifactKey: Guid(c5942330b9f7540059c159c203c0baf5) Importer(815301076,1909f56bfc062723c751e8b465ee728b)
Start importing Assets/Art/Effects/Particles/RunningDustParticles.prefab using Guid(c5942330b9f7540059c159c203c0baf5) Importer(815301076,1909f56bfc062723c751e8b465ee728b) (PreviewImporter) -> (artifact id: 'ac60d0292d8ed502f1f6043fc18a46fd') in 0.009783953 seconds
Number of updated asset objects reloaded before import = 0Number of asset objects unloaded after import = 7

========================================================================
Received Import Request.
  Time since last request: 34.602259 seconds.
  path: Assets/Art/Effects/Particles/RunningDustParticles.prefab
  artifactKey: Guid(c5942330b9f7540059c159c203c0baf5) Importer(815301076,1909f56bfc062723c751e8b465ee728b)
Start importing Assets/Art/Effects/Particles/RunningDustParticles.prefab using Guid(c5942330b9f7540059c159c203c0baf5) Importer(815301076,1909f56bfc062723c751e8b465ee728b) (PreviewImporter) -> (artifact id: '5cc887a8cd6b6a652ce8b20567d2cfd4') in 0.027484983 seconds
Number of updated asset objects reloaded before import = 0Number of asset objects unloaded after import = 7

========================================================================
Received Import Request.
  Time since last request: 5.136325 seconds.
  path: Assets/Art/Effects/Particles/RunningDustParticles.prefab
  artifactKey: Guid(c5942330b9f7540059c159c203c0baf5) Importer(815301076,1909f56bfc062723c751e8b465ee728b)
Start importing Assets/Art/Effects/Particles/RunningDustParticles.prefab using Guid(c5942330b9f7540059c159c203c0baf5) Importer(815301076,1909f56bfc062723c751e8b465ee728b) (PreviewImporter) -> (artifact id: 'b0035a357d38f6dd5887f49a1ebc89aa') in 0.013937807 seconds
Number of updated asset objects reloaded before import = 0Number of asset objects unloaded after import = 7

========================================================================
Received Import Request.
  Time since last request: 0.715786 seconds.
  path: Assets/Art/Effects/Particles/RunningDustParticles.prefab
  artifactKey: Guid(c5942330b9f7540059c159c203c0baf5) Importer(2089858483,b0f066a214c2f5e87bad3c948f4d605d)
Start importing Assets/Art/Effects/Particles/RunningDustParticles.prefab using Guid(c5942330b9f7540059c159c203c0baf5) Importer(2089858483,b0f066a214c2f5e87bad3c948f4d605d) (ScriptedImporter) -> (artifact id: '285a6c123f6a6b6ce6227fea291990c0') in 0.030967642 seconds
Number of updated asset objects reloaded before import = 0Number of asset objects unloaded after import = 6

========================================================================
Received Import Request.
  Time since last request: 15.348187 seconds.
  path: Assets/Art/Effects/Particles/RunningDustParticles.prefab
  artifactKey: Guid(c5942330b9f7540059c159c203c0baf5) Importer(815301076,1909f56bfc062723c751e8b465ee728b)
Start importing Assets/Art/Effects/Particles/RunningDustParticles.prefab using Guid(c5942330b9f7540059c159c203c0baf5) Importer(815301076,1909f56bfc062723c751e8b465ee728b) (PreviewImporter) -> (artifact id: 'cad1a03745604a21f8061f91da091000') in 0.012650103 seconds
Number of updated asset objects reloaded before import = 0Number of asset objects unloaded after import = 7

========================================================================
Received Import Request.
  Time since last request: 0.729435 seconds.
  path: Assets/Art/Effects/Particles/RunningDustParticles.prefab
  artifactKey: Guid(c5942330b9f7540059c159c203c0baf5) Importer(2089858483,b0f066a214c2f5e87bad3c948f4d605d)
Start importing Assets/Art/Effects/Particles/RunningDustParticles.prefab using Guid(c5942330b9f7540059c159c203c0baf5) Importer(2089858483,b0f066a214c2f5e87bad3c948f4d605d) (ScriptedImporter) -> (artifact id: '2aaa5b1153aa91fdf43f8de818acae69') in 0.030765262 seconds
Number of updated asset objects reloaded before import = 0Number of asset objects unloaded after import = 6

========================================================================
Received Import Request.
  Time since last request: 5.926615 seconds.
  path: Assets/Art/Effects/Particles/JumpDustParticles.prefab
  artifactKey: Guid(29149b2b9a8a44371aeed73929c23a00) Importer(815301076,1909f56bfc062723c751e8b465ee728b)
Start importing Assets/Art/Effects/Particles/JumpDustParticles.prefab using Guid(29149b2b9a8a44371aeed73929c23a00) Importer(815301076,1909f56bfc062723c751e8b465ee728b) (PreviewImporter) -> (artifact id: '9b94dd7d1495e5427fc257fc85a0935c') in 0.011521412 seconds
Number of updated asset objects reloaded before import = 0Number of asset objects unloaded after import = 7

========================================================================
Received Import Request.
  Time since last request: 0.819548 seconds.
  path: Assets/Art/Effects/Particles/JumpDustParticles.prefab
  artifactKey: Guid(29149b2b9a8a44371aeed73929c23a00) Importer(2089858483,b0f066a214c2f5e87bad3c948f4d605d)
Start importing Assets/Art/Effects/Particles/JumpDustParticles.prefab using Guid(29149b2b9a8a44371aeed73929c23a00) Importer(2089858483,b0f066a214c2f5e87bad3c948f4d605d) (ScriptedImporter) -> (artifact id: '89544eb74d56707d4521c985a011f01a') in 0.034503166 seconds
Number of updated asset objects reloaded before import = 0Number of asset objects unloaded after import = 6

========================================================================
Received Import Request.
  Time since last request: 5.728769 seconds.
  path: Assets/Art/Effects/Particles/JumpDustParticles.prefab
  artifactKey: Guid(29149b2b9a8a44371aeed73929c23a00) Importer(815301076,1909f56bfc062723c751e8b465ee728b)
Start importing Assets/Art/Effects/Particles/JumpDustParticles.prefab using Guid(29149b2b9a8a44371aeed73929c23a00) Importer(815301076,1909f56bfc062723c751e8b465ee728b) (PreviewImporter) -> (artifact id: '1e372fc119b96458a6b930ef87cd854c') in 0.009921866 seconds
Number of updated asset objects reloaded before import = 0Number of asset objects unloaded after import = 7

========================================================================
Received Import Request.
  Time since last request: 27.752437 seconds.
  path: Assets/Art/Effects/Particles/JumpDustParticles.prefab
  artifactKey: Guid(29149b2b9a8a44371aeed73929c23a00) Importer(2089858483,b0f066a214c2f5e87bad3c948f4d605d)
Start importing Assets/Art/Effects/Particles/JumpDustParticles.prefab using Guid(29149b2b9a8a44371aeed73929c23a00) Importer(2089858483,b0f066a214c2f5e87bad3c948f4d605d) (ScriptedImporter) -> (artifact id: 'e24b529433e7bc7d6130d0e2e9e984fd') in 0.039834741 seconds
Number of updated asset objects reloaded before import = 0Number of asset objects unloaded after import = 6

========================================================================
Received Import Request.
  Time since last request: 59.413586 seconds.
  path: Assets/Art/Effects/Particles/JumpDustParticles.prefab
  artifactKey: Guid(29149b2b9a8a44371aeed73929c23a00) Importer(815301076,1909f56bfc062723c751e8b465ee728b)
Start importing Assets/Art/Effects/Particles/JumpDustParticles.prefab using Guid(29149b2b9a8a44371aeed73929c23a00) Importer(815301076,1909f56bfc062723c751e8b465ee728b) (PreviewImporter) -> (artifact id: 'aca3fce981103640f0054850c9847d01') in 0.010702964 seconds
Number of updated asset objects reloaded before import = 0Number of asset objects unloaded after import = 7

========================================================================
Received Import Request.
  Time since last request: 6.316749 seconds.
  path: Assets/Art/Effects/Particles/RunningDustParticles.prefab
  artifactKey: Guid(c5942330b9f7540059c159c203c0baf5) Importer(815301076,1909f56bfc062723c751e8b465ee728b)
Start importing Assets/Art/Effects/Particles/RunningDustParticles.prefab using Guid(c5942330b9f7540059c159c203c0baf5) Importer(815301076,1909f56bfc062723c751e8b465ee728b) (PreviewImporter) -> (artifact id: 'ece9582c7b6e36dc38685c721d0cfce6') in 0.047271056 seconds
Number of updated asset objects reloaded before import = 0Number of asset objects unloaded after import = 7

========================================================================
Received Import Request.
  Time since last request: 3.937931 seconds.
  path: Assets/Art/Effects/Particles/RunningDustParticles.prefab
  artifactKey: Guid(c5942330b9f7540059c159c203c0baf5) Importer(2089858483,b0f066a214c2f5e87bad3c948f4d605d)
Start importing Assets/Art/Effects/Particles/RunningDustParticles.prefab using Guid(c5942330b9f7540059c159c203c0baf5) Importer(2089858483,b0f066a214c2f5e87bad3c948f4d605d) (ScriptedImporter) -> (artifact id: '4dbe98c119746b7b75464d412721f4b2') in 0.031189999 seconds
Number of updated asset objects reloaded before import = 0Number of asset objects unloaded after import = 6

========================================================================
Received Import Request.
  Time since last request: 1.168279 seconds.
  path: Assets/Art/Effects/Particles/JumpDustParticles.prefab
  artifactKey: Guid(29149b2b9a8a44371aeed73929c23a00) Importer(2089858483,b0f066a214c2f5e87bad3c948f4d605d)
Start importing Assets/Art/Effects/Particles/JumpDustParticles.prefab using Guid(29149b2b9a8a44371aeed73929c23a00) Importer(2089858483,b0f066a214c2f5e87bad3c948f4d605d) (ScriptedImporter) -> (artifact id: '5339701b5ec9bad18e9c878bef334880') in 0.025550038 seconds
Number of updated asset objects reloaded before import = 0Number of asset objects unloaded after import = 6

========================================================================
Received Import Request.
  Time since last request: 11.049297 seconds.
  path: Assets/Art/Effects/Particles/RunningDustParticles.prefab
  artifactKey: Guid(c5942330b9f7540059c159c203c0baf5) Importer(815301076,1909f56bfc062723c751e8b465ee728b)
Start importing Assets/Art/Effects/Particles/RunningDustParticles.prefab using Guid(c5942330b9f7540059c159c203c0baf5) Importer(815301076,1909f56bfc062723c751e8b465ee728b) (PreviewImporter) -> (artifact id: 'b3763f5537a4d9c34885adac0a79c891') in 0.013148507 seconds
Number of updated asset objects reloaded before import = 0Number of asset objects unloaded after import = 7

========================================================================
Received Import Request.
  Time since last request: 0.752598 seconds.
  path: Assets/Art/Effects/Particles/RunningDustParticles.prefab
  artifactKey: Guid(c5942330b9f7540059c159c203c0baf5) Importer(2089858483,b0f066a214c2f5e87bad3c948f4d605d)
Start importing Assets/Art/Effects/Particles/RunningDustParticles.prefab using Guid(c5942330b9f7540059c159c203c0baf5) Importer(2089858483,b0f066a214c2f5e87bad3c948f4d605d) (ScriptedImporter) -> (artifact id: '2aa106c899c35303bda8737948335f20') in 0.035065288 seconds
Number of updated asset objects reloaded before import = 0Number of asset objects unloaded after import = 6

========================================================================
Received Import Request.
  Time since last request: 0.476315 seconds.
  path: Packages/com.unity.render-pipelines.universal/Runtime/Materials/Sprite-Lit-Default.mat
  artifactKey: Guid(a97c105638bdf8b4a8650670310a4cd3) Importer(815301076,1909f56bfc062723c751e8b465ee728b)
Start importing Packages/com.unity.render-pipelines.universal/Runtime/Materials/Sprite-Lit-Default.mat using Guid(a97c105638bdf8b4a8650670310a4cd3) Importer(815301076,1909f56bfc062723c751e8b465ee728b) (PreviewImporter) -> (artifact id: '10b6ba6a8bffcd46d163b07a484ab7a9') in 0.009569677 seconds
Number of updated asset objects reloaded before import = 0Number of asset objects unloaded after import = 0

========================================================================
Received Import Request.
  Time since last request: 2.649652 seconds.
  path: Assets/Art/Effects/Particles/RunningDustParticles.prefab
  artifactKey: Guid(c5942330b9f7540059c159c203c0baf5) Importer(815301076,1909f56bfc062723c751e8b465ee728b)
Start importing Assets/Art/Effects/Particles/RunningDustParticles.prefab using Guid(c5942330b9f7540059c159c203c0baf5) Importer(815301076,1909f56bfc062723c751e8b465ee728b) (PreviewImporter) -> (artifact id: '28d398d558afab67726c167fc0de9d03') in 0.01473029 seconds
Number of updated asset objects reloaded before import = 0Number of asset objects unloaded after import = 7

========================================================================
Received Import Request.
  Time since last request: 7.970786 seconds.
  path: Assets/Art/Effects/Particles/RunningDustParticles.prefab
  artifactKey: Guid(c5942330b9f7540059c159c203c0baf5) Importer(2089858483,b0f066a214c2f5e87bad3c948f4d605d)
Start importing Assets/Art/Effects/Particles/RunningDustParticles.prefab using Guid(c5942330b9f7540059c159c203c0baf5) Importer(2089858483,b0f066a214c2f5e87bad3c948f4d605d) (ScriptedImporter) -> (artifact id: '3b45319bc7be52088b2dfb2390b3f0c3') in 0.026750956 seconds
Number of updated asset objects reloaded before import = 0Number of asset objects unloaded after import = 6

========================================================================
Received Import Request.
  Time since last request: 170.286297 seconds.
  path: Assets/Art/Effects/Particles/JumpDustParticles.prefab
  artifactKey: Guid(29149b2b9a8a44371aeed73929c23a00) Importer(815301076,1909f56bfc062723c751e8b465ee728b)
Start importing Assets/Art/Effects/Particles/JumpDustParticles.prefab using Guid(29149b2b9a8a44371aeed73929c23a00) Importer(815301076,1909f56bfc062723c751e8b465ee728b) (PreviewImporter) -> (artifact id: 'b0b6aa9d8abdbec464790268f92b301d') in 0.012137252 seconds
Number of updated asset objects reloaded before import = 0Number of asset objects unloaded after import = 8

========================================================================
Received Import Request.
  Time since last request: 0.745191 seconds.
  path: Assets/Art/Sprites/Environment/Dust.mat
  artifactKey: Guid(9bef86aca08b84c08b752c9221b5d24f) Importer(2089858483,b0f066a214c2f5e87bad3c948f4d605d)
Start importing Assets/Art/Sprites/Environment/Dust.mat using Guid(9bef86aca08b84c08b752c9221b5d24f) Importer(2089858483,b0f066a214c2f5e87bad3c948f4d605d) (ScriptedImporter) -> (artifact id: 'df8b6b6d2ec4bdae84453e4dc3bb849c') in 0.018882184 seconds
Number of updated asset objects reloaded before import = 0Number of asset objects unloaded after import = 2

========================================================================
Received Import Request.
  Time since last request: 114.152342 seconds.
  path: Assets/Art/Sprites/Environment/Dust.mat
  artifactKey: Guid(9bef86aca08b84c08b752c9221b5d24f) Importer(815301076,1909f56bfc062723c751e8b465ee728b)
Start importing Assets/Art/Sprites/Environment/Dust.mat using Guid(9bef86aca08b84c08b752c9221b5d24f) Importer(815301076,1909f56bfc062723c751e8b465ee728b) (PreviewImporter) -> (artifact id: '99a8d7970252e12a2b7cf297096ff883') in 0.016594707 seconds
Number of updated asset objects reloaded before import = 0Number of asset objects unloaded after import = 2

========================================================================
Received Import Request.
  Time since last request: 26.450999 seconds.
  path: Assets/Art/Effects/Particles/JumpDustParticles.prefab
  artifactKey: Guid(29149b2b9a8a44371aeed73929c23a00) Importer(815301076,1909f56bfc062723c751e8b465ee728b)
Start importing Assets/Art/Effects/Particles/JumpDustParticles.prefab using Guid(29149b2b9a8a44371aeed73929c23a00) Importer(815301076,1909f56bfc062723c751e8b465ee728b) (PreviewImporter) -> (artifact id: '1322a729c76bcbb4c6d536dfe3017e42') in 0.015966629 seconds
Number of updated asset objects reloaded before import = 0Number of asset objects unloaded after import = 8

========================================================================
Received Import Request.
  Time since last request: 0.000088 seconds.
  path: Assets/Art/Effects/Particles/RunningDustParticles.prefab
  artifactKey: Guid(c5942330b9f7540059c159c203c0baf5) Importer(815301076,1909f56bfc062723c751e8b465ee728b)
Start importing Assets/Art/Effects/Particles/RunningDustParticles.prefab using Guid(c5942330b9f7540059c159c203c0baf5) Importer(815301076,1909f56bfc062723c751e8b465ee728b) (PreviewImporter) -> (artifact id: '149f4e377cbc70cdd60b728e0c96382f') in 0.017619692 seconds
Number of updated asset objects reloaded before import = 0Number of asset objects unloaded after import = 8

========================================================================
Received Import Request.
  Time since last request: 0.750935 seconds.
  path: Assets/Art/Effects/Particles/RunningDustParticles.prefab
  artifactKey: Guid(c5942330b9f7540059c159c203c0baf5) Importer(2089858483,b0f066a214c2f5e87bad3c948f4d605d)
Start importing Assets/Art/Effects/Particles/RunningDustParticles.prefab using Guid(c5942330b9f7540059c159c203c0baf5) Importer(2089858483,b0f066a214c2f5e87bad3c948f4d605d) (ScriptedImporter) -> (artifact id: 'a75750c672cdfedb8b41d24576a70ee8') in 0.033649524 seconds
Number of updated asset objects reloaded before import = 0Number of asset objects unloaded after import = 6

========================================================================
Received Import Request.
  Time since last request: 24.422794 seconds.
  path: Assets/Art/Effects/Particles/RunningDustParticles.prefab
  artifactKey: Guid(c5942330b9f7540059c159c203c0baf5) Importer(815301076,1909f56bfc062723c751e8b465ee728b)
Start importing Assets/Art/Effects/Particles/RunningDustParticles.prefab using Guid(c5942330b9f7540059c159c203c0baf5) Importer(815301076,1909f56bfc062723c751e8b465ee728b) (PreviewImporter) -> (artifact id: 'c373ed2ee45432b2814a212c6b208419') in 0.010603245 seconds
Number of updated asset objects reloaded before import = 0Number of asset objects unloaded after import = 8

========================================================================
Received Import Request.
  Time since last request: 0.790434 seconds.
  path: Assets/Art/Effects/Particles/RunningDustParticles.prefab
  artifactKey: Guid(c5942330b9f7540059c159c203c0baf5) Importer(2089858483,b0f066a214c2f5e87bad3c948f4d605d)
Start importing Assets/Art/Effects/Particles/RunningDustParticles.prefab using Guid(c5942330b9f7540059c159c203c0baf5) Importer(2089858483,b0f066a214c2f5e87bad3c948f4d605d) (ScriptedImporter) -> (artifact id: '343cbbd50115191698a49208f9b49f2d') in 0.025424806 seconds
Number of updated asset objects reloaded before import = 0Number of asset objects unloaded after import = 6

========================================================================
Received Import Request.
  Time since last request: 1.922727 seconds.
  path: Assets/Scenes/GameScene.unity
  artifactKey: Guid(8c9cfa26abfee488c85f1582747f6a02) Importer(2089858483,b0f066a214c2f5e87bad3c948f4d605d)
Start importing Assets/Scenes/GameScene.unity using Guid(8c9cfa26abfee488c85f1582747f6a02) Importer(2089858483,b0f066a214c2f5e87bad3c948f4d605d) (ScriptedImporter) -> (artifact id: '09aa42185b35821d9e738d907e03ac2d') in 0.012975958 seconds
Number of updated asset objects reloaded before import = 0Number of asset objects unloaded after import = 1

========================================================================
Received Import Request.
  Time since last request: 44.272369 seconds.
  path: Assets/Art/Effects/Particles/RunningDustParticles.prefab
  artifactKey: Guid(c5942330b9f7540059c159c203c0baf5) Importer(815301076,1909f56bfc062723c751e8b465ee728b)
Start importing Assets/Art/Effects/Particles/RunningDustParticles.prefab using Guid(c5942330b9f7540059c159c203c0baf5) Importer(815301076,1909f56bfc062723c751e8b465ee728b) (PreviewImporter) -> (artifact id: 'fc524032a6464d92220918750a41e52e') in 0.011533226 seconds
Number of updated asset objects reloaded before import = 0Number of asset objects unloaded after import = 8

========================================================================
Received Import Request.
  Time since last request: 0.769118 seconds.
  path: Assets/Art/Effects/Particles/RunningDustParticles.prefab
  artifactKey: Guid(c5942330b9f7540059c159c203c0baf5) Importer(2089858483,b0f066a214c2f5e87bad3c948f4d605d)
Start importing Assets/Art/Effects/Particles/RunningDustParticles.prefab using Guid(c5942330b9f7540059c159c203c0baf5) Importer(2089858483,b0f066a214c2f5e87bad3c948f4d605d) (ScriptedImporter) -> (artifact id: 'ae2dd3e4f4456153b5557e0fe44e9d2c') in 0.026643222 seconds
Number of updated asset objects reloaded before import = 0Number of asset objects unloaded after import = 6

========================================================================
Received Prepare
Begin MonoManager ReloadAssembly
[Licensing::Client] Successfully resolved entitlement details
- Loaded All Assemblies, in  1.634 seconds
Refreshing native plugins compatible for Editor in 0.93 ms, found 2 plugins.
Native extension for WindowsStandalone target not found
Native extension for OSXStandalone target not found
Native extension for WebGL target not found
[Package Manager] Failed to launch server process. Reason: Unity was launched with the -noUpm command-line argument
[Package Manager] Unable to send message (not connected to server process).
[Package Manager] Cannot connect to Unity Package Manager local server
Mono: successfully reloaded assembly
- Finished resetting the current domain, in  2.073 seconds
Domain Reload Profiling: 3716ms
	BeginReloadAssembly (584ms)
		ExecutionOrderSort (0ms)
		DisableScriptedObjects (74ms)
		BackupInstance (0ms)
		ReleaseScriptingObjects (1ms)
		CreateAndSetChildDomain (268ms)
	RebuildCommonClasses (84ms)
	RebuildNativeTypeToScriptingClass (28ms)
	initialDomainReloadingComplete (48ms)
	LoadAllAssembliesAndSetupDomain (898ms)
		LoadAssemblies (621ms)
		RebuildTransferFunctionScriptingTraits (0ms)
		AnalyzeDomain (404ms)
			TypeCache.Refresh (24ms)
				TypeCache.ScanAssembly (3ms)
			BuildScriptInfoCaches (350ms)
			ResolveRequiredComponents (21ms)
	FinalizeReload (2074ms)
		ReleaseScriptCaches (0ms)
		RebuildScriptCaches (0ms)
		SetupLoadedEditorAssemblies (1764ms)
			LogAssemblyErrors (0ms)
			InitializePlatformSupportModulesInManaged (5ms)
			SetLoadedEditorAssemblies (8ms)
			BeforeProcessingInitializeOnLoad (396ms)
			ProcessInitializeOnLoadAttributes (1190ms)
			ProcessInitializeOnLoadMethodAttributes (162ms)
			AfterProcessingInitializeOnLoad (2ms)
			EditorAssembliesLoaded (1ms)
		ExecutionOrderSort2 (0ms)
		AwakeInstancesAfterBackupRestoration (23ms)
WARNING: Shader Unsupported: 'Universal Render Pipeline/VR/SpatialMapping/Wireframe' - All subshaders removed
WARNING: Shader Did you use #pragma only_renderers and omit this platform?
WARNING: Shader If subshaders removal was intentional, you may have forgotten turning Fallback off?
WARNING: Shader Unsupported: 'Universal Render Pipeline/VR/SpatialMapping/Wireframe' - All subshaders removed
WARNING: Shader Did you use #pragma only_renderers and omit this platform?
WARNING: Shader If subshaders removal was intentional, you may have forgotten turning Fallback off?
Refreshing native plugins compatible for Editor in 1.77 ms, found 2 plugins.
Preloading 0 native plugins for Editor in 0.00 ms.
Unloading 18 Unused Serialized files (Serialized files now loaded: 0)
Unloading 6953 unused Assets / (4.9 MB). Loaded Objects now: 7879.
Memory consumption went from 336.5 MB to 331.7 MB.
Total: 23.562281 ms (FindLiveObjects: 2.191443 ms CreateObjectMapping: 2.814659 ms MarkObjects: 13.824727 ms  DeleteObjects: 4.728850 ms)

Prepare: number of updated asset objects reloaded= 0
========================================================================
Received Prepare
Begin MonoManager ReloadAssembly
[Licensing::Client] Successfully resolved entitlement details
- Loaded All Assemblies, in  1.461 seconds
Refreshing native plugins compatible for Editor in 0.86 ms, found 2 plugins.
Native extension for WindowsStandalone target not found
Native extension for OSXStandalone target not found
Native extension for WebGL target not found
[Package Manager] Failed to launch server process. Reason: Unity was launched with the -noUpm command-line argument
[Package Manager] Unable to send message (not connected to server process).
[Package Manager] Cannot connect to Unity Package Manager local server
Mono: successfully reloaded assembly
- Finished resetting the current domain, in  1.893 seconds
Domain Reload Profiling: 3360ms
	BeginReloadAssembly (494ms)
		ExecutionOrderSort (0ms)
		DisableScriptedObjects (45ms)
		BackupInstance (0ms)
		ReleaseScriptingObjects (0ms)
		CreateAndSetChildDomain (229ms)
	RebuildCommonClasses (79ms)
	RebuildNativeTypeToScriptingClass (26ms)
	initialDomainReloadingComplete (40ms)
	LoadAllAssembliesAndSetupDomain (827ms)
		LoadAssemblies (543ms)
		RebuildTransferFunctionScriptingTraits (0ms)
		AnalyzeDomain (397ms)
			TypeCache.Refresh (24ms)
				TypeCache.ScanAssembly (3ms)
			BuildScriptInfoCaches (340ms)
			ResolveRequiredComponents (24ms)
	FinalizeReload (1894ms)
		ReleaseScriptCaches (0ms)
		RebuildScriptCaches (0ms)
		SetupLoadedEditorAssemblies (1583ms)
			LogAssemblyErrors (0ms)
			InitializePlatformSupportModulesInManaged (5ms)
			SetLoadedEditorAssemblies (8ms)
			BeforeProcessingInitializeOnLoad (375ms)
			ProcessInitializeOnLoadAttributes (1032ms)
			ProcessInitializeOnLoadMethodAttributes (160ms)
			AfterProcessingInitializeOnLoad (3ms)
			EditorAssembliesLoaded (0ms)
		ExecutionOrderSort2 (0ms)
		AwakeInstancesAfterBackupRestoration (23ms)
WARNING: Shader Unsupported: 'Universal Render Pipeline/VR/SpatialMapping/Wireframe' - All subshaders removed
WARNING: Shader Did you use #pragma only_renderers and omit this platform?
WARNING: Shader If subshaders removal was intentional, you may have forgotten turning Fallback off?
WARNING: Shader Unsupported: 'Universal Render Pipeline/VR/SpatialMapping/Wireframe' - All subshaders removed
WARNING: Shader Did you use #pragma only_renderers and omit this platform?
WARNING: Shader If subshaders removal was intentional, you may have forgotten turning Fallback off?
Refreshing native plugins compatible for Editor in 0.85 ms, found 2 plugins.
Preloading 0 native plugins for Editor in 0.00 ms.
Unloading 17 Unused Serialized files (Serialized files now loaded: 0)
Unloading 6951 unused Assets / (4.3 MB). Loaded Objects now: 7882.
Memory consumption went from 336.6 MB to 332.3 MB.
Total: 17.304071 ms (FindLiveObjects: 0.941837 ms CreateObjectMapping: 1.810250 ms MarkObjects: 10.996082 ms  DeleteObjects: 3.554806 ms)

Prepare: number of updated asset objects reloaded= 0
========================================================================
Received Import Request.
  Time since last request: 556.935781 seconds.
  path: Assets/Scripts/Characters/Kalb/States/KalbWallSlideState.cs
  artifactKey: Guid(fa01c8beb00b040f2a29ccef36bba2f2) Importer(2089858483,b0f066a214c2f5e87bad3c948f4d605d)
Start importing Assets/Scripts/Characters/Kalb/States/KalbWallSlideState.cs using Guid(fa01c8beb00b040f2a29ccef36bba2f2) Importer(2089858483,b0f066a214c2f5e87bad3c948f4d605d) (ScriptedImporter) -> (artifact id: '35788ba7ede69f99f54b6bbe5d4bd3bb') in 0.153100426 seconds
Number of updated asset objects reloaded before import = 0Number of asset objects unloaded after import = 0

========================================================================
Received Import Request.
  Time since last request: 0.857345 seconds.
  path: Assets/Art/Effects/Particles/RunningDustParticles 1.prefab
  artifactKey: Guid(d9d0fa2342ac54fbe9b6ed86d6386607) Importer(815301076,1909f56bfc062723c751e8b465ee728b)
Start importing Assets/Art/Effects/Particles/RunningDustParticles 1.prefab using Guid(d9d0fa2342ac54fbe9b6ed86d6386607) Importer(815301076,1909f56bfc062723c751e8b465ee728b) (PreviewImporter) -> (artifact id: 'a2cb617ca7fe1e71797c47de5eaf3dd6') in 0.953737116 seconds
Number of updated asset objects reloaded before import = 0Number of asset objects unloaded after import = 8

========================================================================
Received Import Request.
  Time since last request: 63.193473 seconds.
  path: Assets/Art/Effects/Particles/WallSlideDustParticles.prefab
  artifactKey: Guid(90709651f5a374f4cbfd134aecf203b8) Importer(815301076,1909f56bfc062723c751e8b465ee728b)
Start importing Assets/Art/Effects/Particles/WallSlideDustParticles.prefab using Guid(90709651f5a374f4cbfd134aecf203b8) Importer(815301076,1909f56bfc062723c751e8b465ee728b) (PreviewImporter) -> (artifact id: 'e6dd87ef042ed667bc6ae0956f55f957') in 0.011850272 seconds
Number of updated asset objects reloaded before import = 0Number of asset objects unloaded after import = 8

========================================================================
Received Import Request.
  Time since last request: 0.847695 seconds.
  path: Assets/Art/Effects/Particles/WallSlideDustParticles.prefab
  artifactKey: Guid(90709651f5a374f4cbfd134aecf203b8) Importer(2089858483,b0f066a214c2f5e87bad3c948f4d605d)
Start importing Assets/Art/Effects/Particles/WallSlideDustParticles.prefab using Guid(90709651f5a374f4cbfd134aecf203b8) Importer(2089858483,b0f066a214c2f5e87bad3c948f4d605d) (ScriptedImporter) -> (artifact id: '8a080d2485e648418691476cce4c48e5') in 0.159754385 seconds
Number of updated asset objects reloaded before import = 0Number of asset objects unloaded after import = 6

========================================================================
Received Import Request.
  Time since last request: 14.764454 seconds.
  path: Assets/Art/Effects/Particles/WallSlideDustParticles.prefab
  artifactKey: Guid(90709651f5a374f4cbfd134aecf203b8) Importer(815301076,1909f56bfc062723c751e8b465ee728b)
Start importing Assets/Art/Effects/Particles/WallSlideDustParticles.prefab using Guid(90709651f5a374f4cbfd134aecf203b8) Importer(815301076,1909f56bfc062723c751e8b465ee728b) (PreviewImporter) -> (artifact id: '66f4ede02251710313066dec092fa5f4') in 0.01508134 seconds
Number of updated asset objects reloaded before import = 0Number of asset objects unloaded after import = 8

========================================================================
Received Import Request.
  Time since last request: 0.926909 seconds.
  path: Assets/Art/Effects/Particles/WallSlideDustParticles.prefab
  artifactKey: Guid(90709651f5a374f4cbfd134aecf203b8) Importer(2089858483,b0f066a214c2f5e87bad3c948f4d605d)
Start importing Assets/Art/Effects/Particles/WallSlideDustParticles.prefab using Guid(90709651f5a374f4cbfd134aecf203b8) Importer(2089858483,b0f066a214c2f5e87bad3c948f4d605d) (ScriptedImporter) -> (artifact id: 'b0cdf354ecb00e3777689e9270d34933') in 0.032618659 seconds
Number of updated asset objects reloaded before import = 0Number of asset objects unloaded after import = 6

========================================================================
Received Prepare
Begin MonoManager ReloadAssembly
[Licensing::Client] Successfully resolved entitlement details
- Loaded All Assemblies, in  1.481 seconds
Refreshing native plugins compatible for Editor in 0.81 ms, found 2 plugins.
Native extension for WindowsStandalone target not found
Native extension for OSXStandalone target not found
Native extension for WebGL target not found
[Package Manager] Failed to launch server process. Reason: Unity was launched with the -noUpm command-line argument
[Package Manager] Unable to send message (not connected to server process).
[Package Manager] Cannot connect to Unity Package Manager local server
Mono: successfully reloaded assembly
- Finished resetting the current domain, in  1.744 seconds
Domain Reload Profiling: 3230ms
	BeginReloadAssembly (455ms)
		ExecutionOrderSort (0ms)
		DisableScriptedObjects (56ms)
		BackupInstance (0ms)
		ReleaseScriptingObjects (1ms)
		CreateAndSetChildDomain (200ms)
	RebuildCommonClasses (79ms)
	RebuildNativeTypeToScriptingClass (27ms)
	initialDomainReloadingComplete (38ms)
	LoadAllAssembliesAndSetupDomain (885ms)
		LoadAssemblies (581ms)
		RebuildTransferFunctionScriptingTraits (0ms)
		AnalyzeDomain (401ms)
			TypeCache.Refresh (25ms)
				TypeCache.ScanAssembly (4ms)
			BuildScriptInfoCaches (343ms)
			ResolveRequiredComponents (22ms)
	FinalizeReload (1745ms)
		ReleaseScriptCaches (0ms)
		RebuildScriptCaches (0ms)
		SetupLoadedEditorAssemblies (1443ms)
			LogAssemblyErrors (0ms)
			InitializePlatformSupportModulesInManaged (4ms)
			SetLoadedEditorAssemblies (7ms)
			BeforeProcessingInitializeOnLoad (376ms)
			ProcessInitializeOnLoadAttributes (899ms)
			ProcessInitializeOnLoadMethodAttributes (156ms)
			AfterProcessingInitializeOnLoad (1ms)
			EditorAssembliesLoaded (0ms)
		ExecutionOrderSort2 (0ms)
		AwakeInstancesAfterBackupRestoration (24ms)
WARNING: Shader Unsupported: 'Universal Render Pipeline/VR/SpatialMapping/Wireframe' - All subshaders removed
WARNING: Shader Did you use #pragma only_renderers and omit this platform?
WARNING: Shader If subshaders removal was intentional, you may have forgotten turning Fallback off?
WARNING: Shader Unsupported: 'Universal Render Pipeline/VR/SpatialMapping/Wireframe' - All subshaders removed
WARNING: Shader Did you use #pragma only_renderers and omit this platform?
WARNING: Shader If subshaders removal was intentional, you may have forgotten turning Fallback off?
Refreshing native plugins compatible for Editor in 1.17 ms, found 2 plugins.
Preloading 0 native plugins for Editor in 0.00 ms.
Unloading 17 Unused Serialized files (Serialized files now loaded: 0)
Unloading 6951 unused Assets / (4.5 MB). Loaded Objects now: 7905.
Memory consumption went from 337.9 MB to 333.4 MB.
Total: 17.936107 ms (FindLiveObjects: 0.957347 ms CreateObjectMapping: 1.735209 ms MarkObjects: 11.408653 ms  DeleteObjects: 3.833458 ms)

Prepare: number of updated asset objects reloaded= 0
========================================================================
Received Prepare
Begin MonoManager ReloadAssembly
[Licensing::Client] Successfully resolved entitlement details
- Loaded All Assemblies, in  1.471 seconds
Refreshing native plugins compatible for Editor in 1.04 ms, found 2 plugins.
Native extension for WindowsStandalone target not found
Native extension for OSXStandalone target not found
Native extension for WebGL target not found
[Package Manager] Failed to launch server process. Reason: Unity was launched with the -noUpm command-line argument
[Package Manager] Unable to send message (not connected to server process).
[Package Manager] Cannot connect to Unity Package Manager local server
Mono: successfully reloaded assembly
- Finished resetting the current domain, in  1.810 seconds
Domain Reload Profiling: 3286ms
	BeginReloadAssembly (437ms)
		ExecutionOrderSort (0ms)
		DisableScriptedObjects (33ms)
		BackupInstance (0ms)
		ReleaseScriptingObjects (0ms)
		CreateAndSetChildDomain (187ms)
	RebuildCommonClasses (77ms)
	RebuildNativeTypeToScriptingClass (27ms)
	initialDomainReloadingComplete (39ms)
	LoadAllAssembliesAndSetupDomain (896ms)
		LoadAssemblies (632ms)
		RebuildTransferFunctionScriptingTraits (0ms)
		AnalyzeDomain (380ms)
			TypeCache.Refresh (19ms)
				TypeCache.ScanAssembly (2ms)
			BuildScriptInfoCaches (327ms)
			ResolveRequiredComponents (22ms)
	FinalizeReload (1811ms)
		ReleaseScriptCaches (0ms)
		RebuildScriptCaches (0ms)
		SetupLoadedEditorAssemblies (1521ms)
			LogAssemblyErrors (0ms)
			InitializePlatformSupportModulesInManaged (5ms)
			SetLoadedEditorAssemblies (7ms)
			BeforeProcessingInitializeOnLoad (356ms)
			ProcessInitializeOnLoadAttributes (981ms)
			ProcessInitializeOnLoadMethodAttributes (170ms)
			AfterProcessingInitializeOnLoad (1ms)
			EditorAssembliesLoaded (0ms)
		ExecutionOrderSort2 (0ms)
		AwakeInstancesAfterBackupRestoration (22ms)
WARNING: Shader Unsupported: 'Universal Render Pipeline/VR/SpatialMapping/Wireframe' - All subshaders removed
WARNING: Shader Did you use #pragma only_renderers and omit this platform?
WARNING: Shader If subshaders removal was intentional, you may have forgotten turning Fallback off?
WARNING: Shader Unsupported: 'Universal Render Pipeline/VR/SpatialMapping/Wireframe' - All subshaders removed
WARNING: Shader Did you use #pragma only_renderers and omit this platform?
WARNING: Shader If subshaders removal was intentional, you may have forgotten turning Fallback off?
Refreshing native plugins compatible for Editor in 0.92 ms, found 2 plugins.
Preloading 0 native plugins for Editor in 0.00 ms.
Unloading 17 Unused Serialized files (Serialized files now loaded: 0)
Unloading 6951 unused Assets / (4.6 MB). Loaded Objects now: 7908.
Memory consumption went from 338.4 MB to 333.8 MB.
Total: 17.400551 ms (FindLiveObjects: 0.994599 ms CreateObjectMapping: 2.167034 ms MarkObjects: 10.424134 ms  DeleteObjects: 3.813390 ms)

Prepare: number of updated asset objects reloaded= 0
========================================================================
Received Import Request.
  Time since last request: 1016.992513 seconds.
  path: Assets/Art/Effects/Particles/WallSlideDustParticles.prefab
  artifactKey: Guid(90709651f5a374f4cbfd134aecf203b8) Importer(815301076,1909f56bfc062723c751e8b465ee728b)
Start importing Assets/Art/Effects/Particles/WallSlideDustParticles.prefab using Guid(90709651f5a374f4cbfd134aecf203b8) Importer(815301076,1909f56bfc062723c751e8b465ee728b) (PreviewImporter) -> (artifact id: '64b5cb5276b4e7ca1f871f340f5bc519') in 0.940894586 seconds
Number of updated asset objects reloaded before import = 0Number of asset objects unloaded after import = 8

========================================================================
Received Prepare
WARNING: Shader Unsupported: 'Universal Render Pipeline/VR/SpatialMapping/Wireframe' - All subshaders removed
WARNING: Shader Did you use #pragma only_renderers and omit this platform?
WARNING: Shader If subshaders removal was intentional, you may have forgotten turning Fallback off?
WARNING: Shader Unsupported: 'Universal Render Pipeline/VR/SpatialMapping/Wireframe' - All subshaders removed
WARNING: Shader Did you use #pragma only_renderers and omit this platform?
WARNING: Shader If subshaders removal was intentional, you may have forgotten turning Fallback off?
Refreshing native plugins compatible for Editor in 1.00 ms, found 2 plugins.
Preloading 0 native plugins for Editor in 0.00 ms.
Unloading 17 Unused Serialized files (Serialized files now loaded: 0)
Unloading 6941 unused Assets / (4.3 MB). Loaded Objects now: 8001.
Memory consumption went from 347.2 MB to 342.9 MB.
Total: 19.379327 ms (FindLiveObjects: 0.918371 ms CreateObjectMapping: 1.663282 ms MarkObjects: 13.359820 ms  DeleteObjects: 3.436394 ms)

Prepare: number of updated asset objects reloaded= 0
========================================================================
Received Prepare
Begin MonoManager ReloadAssembly
[Licensing::Client] Successfully resolved entitlement details
- Loaded All Assemblies, in  1.504 seconds
Refreshing native plugins compatible for Editor in 0.80 ms, found 2 plugins.
Native extension for WindowsStandalone target not found
Native extension for OSXStandalone target not found
Native extension for WebGL target not found
[Package Manager] Failed to launch server process. Reason: Unity was launched with the -noUpm command-line argument
[Package Manager] Unable to send message (not connected to server process).
[Package Manager] Cannot connect to Unity Package Manager local server
Mono: successfully reloaded assembly
- Finished resetting the current domain, in  1.873 seconds
Domain Reload Profiling: 3382ms
	BeginReloadAssembly (459ms)
		ExecutionOrderSort (0ms)
		DisableScriptedObjects (47ms)
		BackupInstance (0ms)
		ReleaseScriptingObjects (0ms)
		CreateAndSetChildDomain (186ms)
	RebuildCommonClasses (83ms)
	RebuildNativeTypeToScriptingClass (26ms)
	initialDomainReloadingComplete (40ms)
	LoadAllAssembliesAndSetupDomain (901ms)
		LoadAssemblies (634ms)
		RebuildTransferFunctionScriptingTraits (0ms)
		AnalyzeDomain (406ms)
			TypeCache.Refresh (18ms)
				TypeCache.ScanAssembly (2ms)
			BuildScriptInfoCaches (354ms)
			ResolveRequiredComponents (22ms)
	FinalizeReload (1873ms)
		ReleaseScriptCaches (0ms)
		RebuildScriptCaches (0ms)
		SetupLoadedEditorAssemblies (1556ms)
			LogAssemblyErrors (0ms)
			InitializePlatformSupportModulesInManaged (4ms)
			SetLoadedEditorAssemblies (7ms)
			BeforeProcessingInitializeOnLoad (362ms)
			ProcessInitializeOnLoadAttributes (993ms)
			ProcessInitializeOnLoadMethodAttributes (188ms)
			AfterProcessingInitializeOnLoad (2ms)
			EditorAssembliesLoaded (1ms)
		ExecutionOrderSort2 (0ms)
		AwakeInstancesAfterBackupRestoration (27ms)
WARNING: Shader Unsupported: 'Universal Render Pipeline/VR/SpatialMapping/Wireframe' - All subshaders removed
WARNING: Shader Did you use #pragma only_renderers and omit this platform?
WARNING: Shader If subshaders removal was intentional, you may have forgotten turning Fallback off?
WARNING: Shader Unsupported: 'Universal Render Pipeline/VR/SpatialMapping/Wireframe' - All subshaders removed
WARNING: Shader Did you use #pragma only_renderers and omit this platform?
WARNING: Shader If subshaders removal was intentional, you may have forgotten turning Fallback off?
Refreshing native plugins compatible for Editor in 1.22 ms, found 2 plugins.
Preloading 0 native plugins for Editor in 0.00 ms.
Unloading 17 Unused Serialized files (Serialized files now loaded: 0)
Unloading 6951 unused Assets / (4.6 MB). Loaded Objects now: 7931.
Memory consumption went from 339.2 MB to 334.6 MB.
Total: 19.713297 ms (FindLiveObjects: 1.456378 ms CreateObjectMapping: 2.127840 ms MarkObjects: 11.862184 ms  DeleteObjects: 4.265199 ms)

Prepare: number of updated asset objects reloaded= 0
========================================================================
Received Prepare
WARNING: Shader Unsupported: 'Universal Render Pipeline/VR/SpatialMapping/Wireframe' - All subshaders removed
WARNING: Shader Did you use #pragma only_renderers and omit this platform?
WARNING: Shader If subshaders removal was intentional, you may have forgotten turning Fallback off?
WARNING: Shader Unsupported: 'Universal Render Pipeline/VR/SpatialMapping/Wireframe' - All subshaders removed
WARNING: Shader Did you use #pragma only_renderers and omit this platform?
WARNING: Shader If subshaders removal was intentional, you may have forgotten turning Fallback off?
Refreshing native plugins compatible for Editor in 1.00 ms, found 2 plugins.
Preloading 0 native plugins for Editor in 0.00 ms.
Unloading 17 Unused Serialized files (Serialized files now loaded: 0)
Unloading 6941 unused Assets / (4.6 MB). Loaded Objects now: 7931.
Memory consumption went from 339.2 MB to 334.7 MB.
Total: 18.354158 ms (FindLiveObjects: 0.983442 ms CreateObjectMapping: 1.809484 ms MarkObjects: 11.819058 ms  DeleteObjects: 3.740383 ms)

Prepare: number of updated asset objects reloaded= 0
========================================================================
Received Prepare
Begin MonoManager ReloadAssembly
[Licensing::Client] Successfully resolved entitlement details
- Loaded All Assemblies, in  1.660 seconds
Refreshing native plugins compatible for Editor in 0.97 ms, found 2 plugins.
Native extension for WindowsStandalone target not found
Native extension for OSXStandalone target not found
Native extension for WebGL target not found
[Package Manager] Failed to launch server process. Reason: Unity was launched with the -noUpm command-line argument
[Package Manager] Unable to send message (not connected to server process).
[Package Manager] Cannot connect to Unity Package Manager local server
Mono: successfully reloaded assembly
- Finished resetting the current domain, in  1.896 seconds
Domain Reload Profiling: 3561ms
	BeginReloadAssembly (484ms)
		ExecutionOrderSort (0ms)
		DisableScriptedObjects (26ms)
		BackupInstance (0ms)
		ReleaseScriptingObjects (0ms)
		CreateAndSetChildDomain (160ms)
	RebuildCommonClasses (87ms)
	RebuildNativeTypeToScriptingClass (26ms)
	initialDomainReloadingComplete (39ms)
	LoadAllAssembliesAndSetupDomain (1028ms)
		LoadAssemblies (824ms)
		RebuildTransferFunctionScriptingTraits (0ms)
		AnalyzeDomain (415ms)
			TypeCache.Refresh (22ms)
				TypeCache.ScanAssembly (3ms)
			BuildScriptInfoCaches (340ms)
			ResolveRequiredComponents (22ms)
	FinalizeReload (1896ms)
		ReleaseScriptCaches (0ms)
		RebuildScriptCaches (0ms)
		SetupLoadedEditorAssemblies (1554ms)
			LogAssemblyErrors (0ms)
			InitializePlatformSupportModulesInManaged (5ms)
			SetLoadedEditorAssemblies (7ms)
			BeforeProcessingInitializeOnLoad (366ms)
			ProcessInitializeOnLoadAttributes (999ms)
			ProcessInitializeOnLoadMethodAttributes (172ms)
			AfterProcessingInitializeOnLoad (5ms)
			EditorAssembliesLoaded (1ms)
		ExecutionOrderSort2 (0ms)
		AwakeInstancesAfterBackupRestoration (25ms)
WARNING: Shader Unsupported: 'Universal Render Pipeline/VR/SpatialMapping/Wireframe' - All subshaders removed
WARNING: Shader Did you use #pragma only_renderers and omit this platform?
WARNING: Shader If subshaders removal was intentional, you may have forgotten turning Fallback off?
WARNING: Shader Unsupported: 'Universal Render Pipeline/VR/SpatialMapping/Wireframe' - All subshaders removed
WARNING: Shader Did you use #pragma only_renderers and omit this platform?
WARNING: Shader If subshaders removal was intentional, you may have forgotten turning Fallback off?
Refreshing native plugins compatible for Editor in 0.90 ms, found 2 plugins.
Preloading 0 native plugins for Editor in 0.00 ms.
Unloading 17 Unused Serialized files (Serialized files now loaded: 0)
Unloading 6951 unused Assets / (4.6 MB). Loaded Objects now: 7934.
Memory consumption went from 339.7 MB to 335.1 MB.
Total: 20.558713 ms (FindLiveObjects: 1.120088 ms CreateObjectMapping: 2.169551 ms MarkObjects: 12.882608 ms  DeleteObjects: 4.384397 ms)

Prepare: number of updated asset objects reloaded= 0
========================================================================
Received Prepare
Begin MonoManager ReloadAssembly
[Licensing::Client] Successfully resolved entitlement details
- Loaded All Assemblies, in  1.616 seconds
Refreshing native plugins compatible for Editor in 0.81 ms, found 2 plugins.
Native extension for WindowsStandalone target not found
Native extension for OSXStandalone target not found
Native extension for WebGL target not found
[Package Manager] Failed to launch server process. Reason: Unity was launched with the -noUpm command-line argument
[Package Manager] Unable to send message (not connected to server process).
[Package Manager] Cannot connect to Unity Package Manager local server
Mono: successfully reloaded assembly
- Finished resetting the current domain, in  1.734 seconds
Domain Reload Profiling: 3356ms
	BeginReloadAssembly (522ms)
		ExecutionOrderSort (0ms)
		DisableScriptedObjects (34ms)
		BackupInstance (0ms)
		ReleaseScriptingObjects (0ms)
		CreateAndSetChildDomain (199ms)
	RebuildCommonClasses (77ms)
	RebuildNativeTypeToScriptingClass (26ms)
	initialDomainReloadingComplete (39ms)
	LoadAllAssembliesAndSetupDomain (958ms)
		LoadAssemblies (740ms)
		RebuildTransferFunctionScriptingTraits (0ms)
		AnalyzeDomain (409ms)
			TypeCache.Refresh (23ms)
				TypeCache.ScanAssembly (3ms)
			BuildScriptInfoCaches (351ms)
			ResolveRequiredComponents (23ms)
	FinalizeReload (1734ms)
		ReleaseScriptCaches (0ms)
		RebuildScriptCaches (0ms)
		SetupLoadedEditorAssemblies (1443ms)
			LogAssemblyErrors (0ms)
			InitializePlatformSupportModulesInManaged (4ms)
			SetLoadedEditorAssemblies (7ms)
			BeforeProcessingInitializeOnLoad (368ms)
			ProcessInitializeOnLoadAttributes (920ms)
			ProcessInitializeOnLoadMethodAttributes (142ms)
			AfterProcessingInitializeOnLoad (1ms)
			EditorAssembliesLoaded (0ms)
		ExecutionOrderSort2 (0ms)
		AwakeInstancesAfterBackupRestoration (20ms)
WARNING: Shader Unsupported: 'Universal Render Pipeline/VR/SpatialMapping/Wireframe' - All subshaders removed
WARNING: Shader Did you use #pragma only_renderers and omit this platform?
WARNING: Shader If subshaders removal was intentional, you may have forgotten turning Fallback off?
WARNING: Shader Unsupported: 'Universal Render Pipeline/VR/SpatialMapping/Wireframe' - All subshaders removed
WARNING: Shader Did you use #pragma only_renderers and omit this platform?
WARNING: Shader If subshaders removal was intentional, you may have forgotten turning Fallback off?
Refreshing native plugins compatible for Editor in 0.85 ms, found 2 plugins.
Preloading 0 native plugins for Editor in 0.00 ms.
Unloading 17 Unused Serialized files (Serialized files now loaded: 0)
Unloading 6951 unused Assets / (4.3 MB). Loaded Objects now: 7937.
Memory consumption went from 340.4 MB to 336.1 MB.
Total: 15.958131 ms (FindLiveObjects: 0.968361 ms CreateObjectMapping: 1.669755 ms MarkObjects: 10.081211 ms  DeleteObjects: 3.237522 ms)

Prepare: number of updated asset objects reloaded= 0
========================================================================
Received Prepare
Begin MonoManager ReloadAssembly
[Licensing::Client] Successfully resolved entitlement details
- Loaded All Assemblies, in  1.417 seconds
Refreshing native plugins compatible for Editor in 0.80 ms, found 2 plugins.
Native extension for WindowsStandalone target not found
Native extension for OSXStandalone target not found
Native extension for WebGL target not found
[Package Manager] Failed to launch server process. Reason: Unity was launched with the -noUpm command-line argument
[Package Manager] Unable to send message (not connected to server process).
[Package Manager] Cannot connect to Unity Package Manager local server
Mono: successfully reloaded assembly
- Finished resetting the current domain, in  1.769 seconds
Domain Reload Profiling: 3191ms
	BeginReloadAssembly (430ms)
		ExecutionOrderSort (0ms)
		DisableScriptedObjects (33ms)
		BackupInstance (0ms)
		ReleaseScriptingObjects (0ms)
		CreateAndSetChildDomain (198ms)
	RebuildCommonClasses (81ms)
	RebuildNativeTypeToScriptingClass (26ms)
	initialDomainReloadingComplete (41ms)
	LoadAllAssembliesAndSetupDomain (843ms)
		LoadAssemblies (539ms)
		RebuildTransferFunctionScriptingTraits (0ms)
		AnalyzeDomain (410ms)
			TypeCache.Refresh (18ms)
				TypeCache.ScanAssembly (2ms)
			BuildScriptInfoCaches (359ms)
			ResolveRequiredComponents (22ms)
	FinalizeReload (1770ms)
		ReleaseScriptCaches (0ms)
		RebuildScriptCaches (0ms)
		SetupLoadedEditorAssemblies (1466ms)
			LogAssemblyErrors (0ms)
			InitializePlatformSupportModulesInManaged (4ms)
			SetLoadedEditorAssemblies (7ms)
			BeforeProcessingInitializeOnLoad (366ms)
			ProcessInitializeOnLoadAttributes (897ms)
			ProcessInitializeOnLoadMethodAttributes (190ms)
			AfterProcessingInitializeOnLoad (1ms)
			EditorAssembliesLoaded (0ms)
		ExecutionOrderSort2 (0ms)
		AwakeInstancesAfterBackupRestoration (23ms)
WARNING: Shader Unsupported: 'Universal Render Pipeline/VR/SpatialMapping/Wireframe' - All subshaders removed
WARNING: Shader Did you use #pragma only_renderers and omit this platform?
WARNING: Shader If subshaders removal was intentional, you may have forgotten turning Fallback off?
WARNING: Shader Unsupported: 'Universal Render Pipeline/VR/SpatialMapping/Wireframe' - All subshaders removed
WARNING: Shader Did you use #pragma only_renderers and omit this platform?
WARNING: Shader If subshaders removal was intentional, you may have forgotten turning Fallback off?
Refreshing native plugins compatible for Editor in 0.88 ms, found 2 plugins.
Preloading 0 native plugins for Editor in 0.00 ms.
Unloading 17 Unused Serialized files (Serialized files now loaded: 0)
Unloading 6951 unused Assets / (4.8 MB). Loaded Objects now: 7940.
Memory consumption went from 341.0 MB to 336.3 MB.
Total: 19.482953 ms (FindLiveObjects: 1.203187 ms CreateObjectMapping: 1.896999 ms MarkObjects: 11.973052 ms  DeleteObjects: 4.408131 ms)

Prepare: number of updated asset objects reloaded= 0
========================================================================
Received Import Request.
  Time since last request: 714.253341 seconds.
  path: Assets/Art/Effects/Particles/WallSlideDustParticles.prefab
  artifactKey: Guid(90709651f5a374f4cbfd134aecf203b8) Importer(815301076,1909f56bfc062723c751e8b465ee728b)
Start importing Assets/Art/Effects/Particles/WallSlideDustParticles.prefab using Guid(90709651f5a374f4cbfd134aecf203b8) Importer(815301076,1909f56bfc062723c751e8b465ee728b) (PreviewImporter) -> (artifact id: '13e61d481120edefa4721c45eb111e2c') in 0.823582217 seconds
Number of updated asset objects reloaded before import = 0Number of asset objects unloaded after import = 8

========================================================================
Received Prepare
WARNING: Shader Unsupported: 'Universal Render Pipeline/VR/SpatialMapping/Wireframe' - All subshaders removed
WARNING: Shader Did you use #pragma only_renderers and omit this platform?
WARNING: Shader If subshaders removal was intentional, you may have forgotten turning Fallback off?
WARNING: Shader Unsupported: 'Universal Render Pipeline/VR/SpatialMapping/Wireframe' - All subshaders removed
WARNING: Shader Did you use #pragma only_renderers and omit this platform?
WARNING: Shader If subshaders removal was intentional, you may have forgotten turning Fallback off?
Refreshing native plugins compatible for Editor in 0.92 ms, found 2 plugins.
Preloading 0 native plugins for Editor in 0.00 ms.
Unloading 17 Unused Serialized files (Serialized files now loaded: 0)
Unloading 6941 unused Assets / (4.3 MB). Loaded Objects now: 8033.
Memory consumption went from 349.9 MB to 345.6 MB.
Total: 19.793788 ms (FindLiveObjects: 0.969758 ms CreateObjectMapping: 1.821246 ms MarkObjects: 13.731879 ms  DeleteObjects: 3.269843 ms)

Prepare: number of updated asset objects reloaded= 0
========================================================================
Received Prepare
Begin MonoManager ReloadAssembly
[Licensing::Client] Successfully resolved entitlement details
- Loaded All Assemblies, in  1.591 seconds
Refreshing native plugins compatible for Editor in 0.87 ms, found 2 plugins.
Native extension for WindowsStandalone target not found
Native extension for OSXStandalone target not found
Native extension for WebGL target not found
[Package Manager] Failed to launch server process. Reason: Unity was launched with the -noUpm command-line argument
[Package Manager] Unable to send message (not connected to server process).
[Package Manager] Cannot connect to Unity Package Manager local server
Mono: successfully reloaded assembly
- Finished resetting the current domain, in  1.799 seconds
Domain Reload Profiling: 3396ms
	BeginReloadAssembly (488ms)
		ExecutionOrderSort (0ms)
		DisableScriptedObjects (51ms)
		BackupInstance (0ms)
		ReleaseScriptingObjects (0ms)
		CreateAndSetChildDomain (213ms)
	RebuildCommonClasses (88ms)
	RebuildNativeTypeToScriptingClass (27ms)
	initialDomainReloadingComplete (39ms)
	LoadAllAssembliesAndSetupDomain (954ms)
		LoadAssemblies (686ms)
		RebuildTransferFunctionScriptingTraits (0ms)
		AnalyzeDomain (406ms)
			TypeCache.Refresh (20ms)
				TypeCache.ScanAssembly (3ms)
			BuildScriptInfoCaches (352ms)
			ResolveRequiredComponents (23ms)
	FinalizeReload (1800ms)
		ReleaseScriptCaches (0ms)
		RebuildScriptCaches (0ms)
		SetupLoadedEditorAssemblies (1488ms)
			LogAssemblyErrors (0ms)
			InitializePlatformSupportModulesInManaged (4ms)
			SetLoadedEditorAssemblies (7ms)
			BeforeProcessingInitializeOnLoad (388ms)
			ProcessInitializeOnLoadAttributes (917ms)
			ProcessInitializeOnLoadMethodAttributes (170ms)
			AfterProcessingInitializeOnLoad (2ms)
			EditorAssembliesLoaded (1ms)
		ExecutionOrderSort2 (0ms)
		AwakeInstancesAfterBackupRestoration (24ms)
WARNING: Shader Unsupported: 'Universal Render Pipeline/VR/SpatialMapping/Wireframe' - All subshaders removed
WARNING: Shader Did you use #pragma only_renderers and omit this platform?
WARNING: Shader If subshaders removal was intentional, you may have forgotten turning Fallback off?
WARNING: Shader Unsupported: 'Universal Render Pipeline/VR/SpatialMapping/Wireframe' - All subshaders removed
WARNING: Shader Did you use #pragma only_renderers and omit this platform?
WARNING: Shader If subshaders removal was intentional, you may have forgotten turning Fallback off?
Refreshing native plugins compatible for Editor in 0.96 ms, found 2 plugins.
Preloading 0 native plugins for Editor in 0.00 ms.
Unloading 17 Unused Serialized files (Serialized files now loaded: 0)
Unloading 6951 unused Assets / (4.2 MB). Loaded Objects now: 7963.
Memory consumption went from 341.9 MB to 337.8 MB.
Total: 19.331125 ms (FindLiveObjects: 1.151587 ms CreateObjectMapping: 2.467517 ms MarkObjects: 12.263225 ms  DeleteObjects: 3.447338 ms)

Prepare: number of updated asset objects reloaded= 0
========================================================================
Received Import Request.
  Time since last request: 121.601716 seconds.
  path: Assets/Art/Effects/Particles/WallSlideDustParticles.prefab
  artifactKey: Guid(90709651f5a374f4cbfd134aecf203b8) Importer(815301076,1909f56bfc062723c751e8b465ee728b)
Start importing Assets/Art/Effects/Particles/WallSlideDustParticles.prefab using Guid(90709651f5a374f4cbfd134aecf203b8) Importer(815301076,1909f56bfc062723c751e8b465ee728b) (PreviewImporter) -> (artifact id: 'd00bac67eadc3b277338d50291510cb5') in 0.85690601 seconds
Number of updated asset objects reloaded before import = 0Number of asset objects unloaded after import = 8

========================================================================
Received Import Request.
  Time since last request: 6.829205 seconds.
  path: Assets/Art/Effects/Particles/RunningDustParticles.prefab
  artifactKey: Guid(c5942330b9f7540059c159c203c0baf5) Importer(815301076,1909f56bfc062723c751e8b465ee728b)
Start importing Assets/Art/Effects/Particles/RunningDustParticles.prefab using Guid(c5942330b9f7540059c159c203c0baf5) Importer(815301076,1909f56bfc062723c751e8b465ee728b) (PreviewImporter) -> (artifact id: '8075c77b8a94829e7079ae20b63c14a0') in 0.020530131 seconds
Number of updated asset objects reloaded before import = 0Number of asset objects unloaded after import = 8

========================================================================
Received Import Request.
  Time since last request: 87.135278 seconds.
  path: Assets/Art/Effects/Particles
  artifactKey: Guid(61fbd5b5500d346f5aa0d5c22fa032fe) Importer(815301076,1909f56bfc062723c751e8b465ee728b)
Start importing Assets/Art/Effects/Particles using Guid(61fbd5b5500d346f5aa0d5c22fa032fe) Importer(815301076,1909f56bfc062723c751e8b465ee728b) (PreviewImporter) -> (artifact id: '83a6e7ee5a7f2a7e111b9a233be7e69a') in 0.000960321 seconds
Number of updated asset objects reloaded before import = 0Number of asset objects unloaded after import = 0

========================================================================
Received Import Request.
  Time since last request: 11.584722 seconds.
  path: Assets/Scripts/Characters/Kalb/States/KalbWallSlideState.cs
  artifactKey: Guid(fa01c8beb00b040f2a29ccef36bba2f2) Importer(2089858483,b0f066a214c2f5e87bad3c948f4d605d)
Start importing Assets/Scripts/Characters/Kalb/States/KalbWallSlideState.cs using Guid(fa01c8beb00b040f2a29ccef36bba2f2) Importer(2089858483,b0f066a214c2f5e87bad3c948f4d605d) (ScriptedImporter) -> (artifact id: 'c8336b04f15c32593345f3d7819ac768') in 0.099544597 seconds
Number of updated asset objects reloaded before import = 0Number of asset objects unloaded after import = 0

========================================================================
Received Import Request.
  Time since last request: 0.000107 seconds.
  path: Assets/Art/Effects/Particles/WallSlideDustParticles.prefab
  artifactKey: Guid(90709651f5a374f4cbfd134aecf203b8) Importer(2089858483,b0f066a214c2f5e87bad3c948f4d605d)
Start importing Assets/Art/Effects/Particles/WallSlideDustParticles.prefab using Guid(90709651f5a374f4cbfd134aecf203b8) Importer(2089858483,b0f066a214c2f5e87bad3c948f4d605d) (ScriptedImporter) -> (artifact id: '739ea2c65fcd27ff6ebfb69ea034ae46') in 0.216396183 seconds
Number of updated asset objects reloaded before import = 0Number of asset objects unloaded after import = 6

========================================================================
Received Import Request.
  Time since last request: 1.842371 seconds.
  path: Assets/Art/Materials/Dust2.mat
  artifactKey: Guid(5505af1fb447241a495de6d3c193fa2c) Importer(815301076,1909f56bfc062723c751e8b465ee728b)
Start importing Assets/Art/Materials/Dust2.mat using Guid(5505af1fb447241a495de6d3c193fa2c) Importer(815301076,1909f56bfc062723c751e8b465ee728b) (PreviewImporter) -> (artifact id: 'baa33497149a1677ba787c12e6d90e0f') in 0.047754365 seconds
Number of updated asset objects reloaded before import = 0Number of asset objects unloaded after import = 1

========================================================================
Received Import Request.
  Time since last request: 0.847726 seconds.
  path: Assets/Art/Materials/Dust2.mat
  artifactKey: Guid(5505af1fb447241a495de6d3c193fa2c) Importer(2089858483,b0f066a214c2f5e87bad3c948f4d605d)
Start importing Assets/Art/Materials/Dust2.mat using Guid(5505af1fb447241a495de6d3c193fa2c) Importer(2089858483,b0f066a214c2f5e87bad3c948f4d605d) (ScriptedImporter) -> (artifact id: '081ea45008a8337d81ab5b47f3fa7d22') in 0.014716212 seconds
Number of updated asset objects reloaded before import = 0Number of asset objects unloaded after import = 1

========================================================================
Received Import Request.
  Time since last request: 29.356171 seconds.
  path: Assets/Art/Effects/Particles/JumpDustParticles.prefab
  artifactKey: Guid(29149b2b9a8a44371aeed73929c23a00) Importer(815301076,1909f56bfc062723c751e8b465ee728b)
Start importing Assets/Art/Effects/Particles/JumpDustParticles.prefab using Guid(29149b2b9a8a44371aeed73929c23a00) Importer(815301076,1909f56bfc062723c751e8b465ee728b) (PreviewImporter) -> (artifact id: 'c6dfea72e328e4c524841c38e4e927b1') in 0.011077084 seconds
Number of updated asset objects reloaded before import = 0Number of asset objects unloaded after import = 7

========================================================================
Received Import Request.
  Time since last request: 0.909434 seconds.
  path: Assets/Art/Effects/Particles/WallSlideDustParticles.prefab
  artifactKey: Guid(90709651f5a374f4cbfd134aecf203b8) Importer(2089858483,b0f066a214c2f5e87bad3c948f4d605d)
Start importing Assets/Art/Effects/Particles/WallSlideDustParticles.prefab using Guid(90709651f5a374f4cbfd134aecf203b8) Importer(2089858483,b0f066a214c2f5e87bad3c948f4d605d) (ScriptedImporter) -> (artifact id: 'ffcebb1704bb5272d92e55ad821f38f1') in 0.035258646 seconds
Number of updated asset objects reloaded before import = 0Number of asset objects unloaded after import = 6

========================================================================
Received Import Request.
  Time since last request: 0.000112 seconds.
  path: Assets/Art/Effects/Particles/JumpDustParticles.prefab
  artifactKey: Guid(29149b2b9a8a44371aeed73929c23a00) Importer(2089858483,b0f066a214c2f5e87bad3c948f4d605d)
Start importing Assets/Art/Effects/Particles/JumpDustParticles.prefab using Guid(29149b2b9a8a44371aeed73929c23a00) Importer(2089858483,b0f066a214c2f5e87bad3c948f4d605d) (ScriptedImporter) -> (artifact id: 'b00cccd66884bdb8226acc370e59ac5e') in 0.044731125 seconds
Number of updated asset objects reloaded before import = 0Number of asset objects unloaded after import = 6

========================================================================
Received Import Request.
  Time since last request: 44.813246 seconds.
  path: Assets/Art/Effects/Particles/RunningDustParticles.prefab
  artifactKey: Guid(c5942330b9f7540059c159c203c0baf5) Importer(2089858483,b0f066a214c2f5e87bad3c948f4d605d)
Start importing Assets/Art/Effects/Particles/RunningDustParticles.prefab using Guid(c5942330b9f7540059c159c203c0baf5) Importer(2089858483,b0f066a214c2f5e87bad3c948f4d605d) (ScriptedImporter) -> (artifact id: 'b0c02b941e8f6d23cf3b5655c3382b90') in 0.033347016 seconds
Number of updated asset objects reloaded before import = 0Number of asset objects unloaded after import = 6

========================================================================
Received Prepare
Begin MonoManager ReloadAssembly
[Licensing::Client] Successfully resolved entitlement details
- Loaded All Assemblies, in  1.773 seconds
Refreshing native plugins compatible for Editor in 0.77 ms, found 2 plugins.
Native extension for WindowsStandalone target not found
Native extension for OSXStandalone target not found
Native extension for WebGL target not found
[Package Manager] Failed to launch server process. Reason: Unity was launched with the -noUpm command-line argument
[Package Manager] Unable to send message (not connected to server process).
[Package Manager] Cannot connect to Unity Package Manager local server
Mono: successfully reloaded assembly
- Finished resetting the current domain, in  1.730 seconds
Domain Reload Profiling: 3508ms
	BeginReloadAssembly (540ms)
		ExecutionOrderSort (0ms)
		DisableScriptedObjects (57ms)
		BackupInstance (0ms)
		ReleaseScriptingObjects (1ms)
		CreateAndSetChildDomain (214ms)
	RebuildCommonClasses (89ms)
	RebuildNativeTypeToScriptingClass (27ms)
	initialDomainReloadingComplete (39ms)
	LoadAllAssembliesAndSetupDomain (1082ms)
		LoadAssemblies (851ms)
		RebuildTransferFunctionScriptingTraits (0ms)
		AnalyzeDomain (401ms)
			TypeCache.Refresh (23ms)
				TypeCache.ScanAssembly (4ms)
			BuildScriptInfoCaches (344ms)
			ResolveRequiredComponents (22ms)
	FinalizeReload (1731ms)
		ReleaseScriptCaches (0ms)
		RebuildScriptCaches (0ms)
		SetupLoadedEditorAssemblies (1437ms)
			LogAssemblyErrors (0ms)
			InitializePlatformSupportModulesInManaged (4ms)
			SetLoadedEditorAssemblies (7ms)
			BeforeProcessingInitializeOnLoad (378ms)
			ProcessInitializeOnLoadAttributes (901ms)
			ProcessInitializeOnLoadMethodAttributes (144ms)
			AfterProcessingInitializeOnLoad (2ms)
			EditorAssembliesLoaded (0ms)
		ExecutionOrderSort2 (0ms)
		AwakeInstancesAfterBackupRestoration (23ms)
WARNING: Shader Unsupported: 'Universal Render Pipeline/VR/SpatialMapping/Wireframe' - All subshaders removed
WARNING: Shader Did you use #pragma only_renderers and omit this platform?
WARNING: Shader If subshaders removal was intentional, you may have forgotten turning Fallback off?
WARNING: Shader Unsupported: 'Universal Render Pipeline/VR/SpatialMapping/Wireframe' - All subshaders removed
WARNING: Shader Did you use #pragma only_renderers and omit this platform?
WARNING: Shader If subshaders removal was intentional, you may have forgotten turning Fallback off?
Refreshing native plugins compatible for Editor in 0.86 ms, found 2 plugins.
Preloading 0 native plugins for Editor in 0.00 ms.
Unloading 17 Unused Serialized files (Serialized files now loaded: 0)
Unloading 6951 unused Assets / (4.2 MB). Loaded Objects now: 7986.
Memory consumption went from 342.7 MB to 338.6 MB.
Total: 16.335007 ms (FindLiveObjects: 0.913608 ms CreateObjectMapping: 1.682530 ms MarkObjects: 10.301543 ms  DeleteObjects: 3.436199 ms)

Prepare: number of updated asset objects reloaded= 0
========================================================================
Received Import Request.
  Time since last request: 294.050510 seconds.
  path: Assets/Scripts/Characters/Kalb/States/KalbHardLandState.cs
  artifactKey: Guid(655d97e14fbe243188027fe3a2371a29) Importer(2089858483,b0f066a214c2f5e87bad3c948f4d605d)
Start importing Assets/Scripts/Characters/Kalb/States/KalbHardLandState.cs using Guid(655d97e14fbe243188027fe3a2371a29) Importer(2089858483,b0f066a214c2f5e87bad3c948f4d605d) (ScriptedImporter) -> (artifact id: 'e0cf8e02a763bdee5f925e145a59422e') in 0.113135339 seconds
Number of updated asset objects reloaded before import = 0Number of asset objects unloaded after import = 0

========================================================================
Received Import Request.
  Time since last request: 4.547499 seconds.
  path: Assets/Art/Materials/Dust.mat
  artifactKey: Guid(5505af1fb447241a495de6d3c193fa2c) Importer(815301076,1909f56bfc062723c751e8b465ee728b)
Start importing Assets/Art/Materials/Dust.mat using Guid(5505af1fb447241a495de6d3c193fa2c) Importer(815301076,1909f56bfc062723c751e8b465ee728b) (PreviewImporter) -> (artifact id: 'ca90e1dd87bc357672c188c13d063cd4') in 0.83255377 seconds
Number of updated asset objects reloaded before import = 0Number of asset objects unloaded after import = 2

========================================================================
Received Import Request.
  Time since last request: 0.040182 seconds.
  path: Assets/Art/Materials/Dust.mat
  artifactKey: Guid(5505af1fb447241a495de6d3c193fa2c) Importer(2089858483,b0f066a214c2f5e87bad3c948f4d605d)
Start importing Assets/Art/Materials/Dust.mat using Guid(5505af1fb447241a495de6d3c193fa2c) Importer(2089858483,b0f066a214c2f5e87bad3c948f4d605d) (ScriptedImporter) -> (artifact id: 'a7756dca3d24f9a9017d13ae06b7aa5d') in 0.021801978 seconds
Number of updated asset objects reloaded before import = 0Number of asset objects unloaded after import = 2

========================================================================
Received Import Request.
  Time since last request: 1.526988 seconds.
  path: Assets/Art/Effects/Particles/JumpDustParticles.prefab
  artifactKey: Guid(29149b2b9a8a44371aeed73929c23a00) Importer(815301076,1909f56bfc062723c751e8b465ee728b)
Start importing Assets/Art/Effects/Particles/JumpDustParticles.prefab using Guid(29149b2b9a8a44371aeed73929c23a00) Importer(815301076,1909f56bfc062723c751e8b465ee728b) (PreviewImporter) -> (artifact id: '1d5309bd58f5bc654149d4539ee25d52') in 0.046380912 seconds
Number of updated asset objects reloaded before import = 0Number of asset objects unloaded after import = 8

========================================================================
Received Import Request.
  Time since last request: 0.000106 seconds.
  path: Assets/Art/Effects/Particles/WallSlideDustParticles.prefab
  artifactKey: Guid(90709651f5a374f4cbfd134aecf203b8) Importer(815301076,1909f56bfc062723c751e8b465ee728b)
Start importing Assets/Art/Effects/Particles/WallSlideDustParticles.prefab using Guid(90709651f5a374f4cbfd134aecf203b8) Importer(815301076,1909f56bfc062723c751e8b465ee728b) (PreviewImporter) -> (artifact id: '01cb8dd8252802f7e56dfc1849dc4c63') in 0.012863767 seconds
Number of updated asset objects reloaded before import = 0Number of asset objects unloaded after import = 8

========================================================================
Received Import Request.
  Time since last request: 43.676856 seconds.
  path: Assets/Art/Effects/Particles/LandingDustParticles.prefab
  artifactKey: Guid(b00516cbb90dd43848d50f986c937f7c) Importer(815301076,1909f56bfc062723c751e8b465ee728b)
Start importing Assets/Art/Effects/Particles/LandingDustParticles.prefab using Guid(b00516cbb90dd43848d50f986c937f7c) Importer(815301076,1909f56bfc062723c751e8b465ee728b) (PreviewImporter) -> (artifact id: '5da826c8f04cf612b22f5dbc60c85436') in 0.011318426 seconds
Number of updated asset objects reloaded before import = 0Number of asset objects unloaded after import = 8

========================================================================
Received Import Request.
  Time since last request: 0.908285 seconds.
  path: Assets/Art/Effects/Particles/LandingDustParticles.prefab
  artifactKey: Guid(b00516cbb90dd43848d50f986c937f7c) Importer(2089858483,b0f066a214c2f5e87bad3c948f4d605d)
Start importing Assets/Art/Effects/Particles/LandingDustParticles.prefab using Guid(b00516cbb90dd43848d50f986c937f7c) Importer(2089858483,b0f066a214c2f5e87bad3c948f4d605d) (ScriptedImporter) -> (artifact id: '267d60f222b4c20cd6d6c4623923165e') in 0.172666033 seconds
Number of updated asset objects reloaded before import = 0Number of asset objects unloaded after import = 6

========================================================================
Received Prepare
Begin MonoManager ReloadAssembly
[Licensing::Client] Successfully resolved entitlement details
- Loaded All Assemblies, in  1.793 seconds
Refreshing native plugins compatible for Editor in 0.77 ms, found 2 plugins.
Native extension for WindowsStandalone target not found
Native extension for OSXStandalone target not found
Native extension for WebGL target not found
[Package Manager] Failed to launch server process. Reason: Unity was launched with the -noUpm command-line argument
[Package Manager] Unable to send message (not connected to server process).
[Package Manager] Cannot connect to Unity Package Manager local server
Mono: successfully reloaded assembly
- Finished resetting the current domain, in  1.678 seconds
Domain Reload Profiling: 3476ms
	BeginReloadAssembly (586ms)
		ExecutionOrderSort (0ms)
		DisableScriptedObjects (57ms)
		BackupInstance (0ms)
		ReleaseScriptingObjects (0ms)
		CreateAndSetChildDomain (249ms)
	RebuildCommonClasses (77ms)
	RebuildNativeTypeToScriptingClass (26ms)
	initialDomainReloadingComplete (45ms)
	LoadAllAssembliesAndSetupDomain (1064ms)
		LoadAssemblies (867ms)
		RebuildTransferFunctionScriptingTraits (0ms)
		AnalyzeDomain (387ms)
			TypeCache.Refresh (20ms)
				TypeCache.ScanAssembly (3ms)
			BuildScriptInfoCaches (332ms)
			ResolveRequiredComponents (21ms)
	FinalizeReload (1678ms)
		ReleaseScriptCaches (0ms)
		RebuildScriptCaches (0ms)
		SetupLoadedEditorAssemblies (1390ms)
			LogAssemblyErrors (0ms)
			InitializePlatformSupportModulesInManaged (4ms)
			SetLoadedEditorAssemblies (7ms)
			BeforeProcessingInitializeOnLoad (375ms)
			ProcessInitializeOnLoadAttributes (857ms)
			ProcessInitializeOnLoadMethodAttributes (145ms)
			AfterProcessingInitializeOnLoad (1ms)
			EditorAssembliesLoaded (0ms)
		ExecutionOrderSort2 (0ms)
		AwakeInstancesAfterBackupRestoration (21ms)
WARNING: Shader Unsupported: 'Universal Render Pipeline/VR/SpatialMapping/Wireframe' - All subshaders removed
WARNING: Shader Did you use #pragma only_renderers and omit this platform?
WARNING: Shader If subshaders removal was intentional, you may have forgotten turning Fallback off?
WARNING: Shader Unsupported: 'Universal Render Pipeline/VR/SpatialMapping/Wireframe' - All subshaders removed
WARNING: Shader Did you use #pragma only_renderers and omit this platform?
WARNING: Shader If subshaders removal was intentional, you may have forgotten turning Fallback off?
Refreshing native plugins compatible for Editor in 1.03 ms, found 2 plugins.
Preloading 0 native plugins for Editor in 0.00 ms.
Unloading 17 Unused Serialized files (Serialized files now loaded: 0)
Unloading 6951 unused Assets / (4.4 MB). Loaded Objects now: 8009.
Memory consumption went from 343.5 MB to 339.1 MB.
Total: 16.884935 ms (FindLiveObjects: 1.214851 ms CreateObjectMapping: 1.670057 ms MarkObjects: 10.662922 ms  DeleteObjects: 3.336006 ms)

Prepare: number of updated asset objects reloaded= 0
